"neuron_id","trial_1","trial_2","trial_3","trial_4","trial_5","trial_6","trial_7","trial_8","trial_9","trial_10"
"N01",2.016,0.817,1.504,1.253,1.647,1.93,0.77,1.539,1.694,0.829
"N02",0.964,1.132,1.646,1.138,1.546,1.201,1.029,1.208,1.581,1.473
"N03",0.669,0.717,-0.002,1.078,0.464,1.208,0.93,0.593,0.398,0.661
"N04",NA,0.792,1.663,0.869,1.446,1.424,0.967,1.24,0.973,0.457
"N05",1.149,0.875,1.497,1.711,1.892,1.864,1.867,1.175,1.436,1.15
"N06",NA,-0.124,1.081,0.952,0.334,1.586,0.936,0.94,0.911,0.741
"N07",NA,0.735,0.896,0.854,0.994,1.445,0.422,0.987,1.006,1.213
"N08",0.378,1.159,NA,0.964,0.784,1.351,1,1.351,0.577,1.516
"N09",1.883,1.754,1.558,1.813,0.801,NA,2.166,1.274,1.739,2.161
"N10",2.008,0.932,1.14,1.57,1.179,0.854,0.888,1.491,0.376,1.056
"N11",0.876,1.978,1.25,1.25,0.879,1.071,1.194,0.93,1.803,0.338
"N12",0.906,0.995,1.695,1.274,1.374,1.347,0.636,0.781,0.836,0.245
"N13",1.068,2.382,1.028,1.754,1.636,1.763,1.45,1.765,1.636,1.221
"N14",0.515,1.109,-0.474,0.883,0.442,0.448,0.808,0.908,1.333,0.195
"N15",0.168,1.891,1.441,1.881,1.045,0.796,NA,1.282,1.474,1.555
"N16",1.971,1.571,1.968,1.157,NA,1.564,1.378,1.878,1.117,1.704
"N17",0.711,0.929,1.058,0.854,0.568,0.453,1.317,0.464,0.155,1.201
"N18",0.517,1.568,1.561,0.707,1.764,1.836,1.687,1.349,1.667,1.689
"N19",0.553,-0.008,0.264,1.032,0.574,0.699,0.629,0.906,NA,0.674
"N20",NA,1.281,0.751,1.043,1.314,1.516,0.339,0.841,0.093,1.507
"N21",1.679,1.329,1.357,1.075,2.061,1.79,0.772,0.908,1.604,0.313
"N22",1.308,0.982,1.654,1.325,1.07,1.056,NA,1.781,1.163,1.643
"N23",1.048,1.288,1.604,1.299,NA,1.624,1.389,1.648,1.529,0.771
"N24",0.652,1.426,1.486,1.093,0.95,1.355,1.631,0.664,1.104,1.504
