"participant_id","difficulty"
"P001","easy"
"P002","hard"
"P003","easy"
"P004","easy"
"P005","hard"
"P006","easy"
"P007","easy"
"P008","easy"
"P009","easy"
"P010","easy"
"P011","hard"
"P012","hard"
"P013","hard"
"P014","easy"
"P015","hard"
"P016","hard"
"P017","hard"
"P018","easy"
"P019","easy"
"P020","hard"
"P021","hard"
"P022","hard"
"P023","hard"
"P024","hard"
"P025","hard"
"P026","easy"
"P027","hard"
"P028","easy"
"P029","hard"
"P030","easy"
"P031","hard"
"P032","hard"
"P033","easy"
"P034","easy"
"P035","easy"
"P036","hard"
"P037","hard"
"P038","easy"
"P039","hard"
"P040","easy"
