participant_id,trial_1,trial_2,trial_3,trial_4,trial_5,trial_6,trial_7,trial_8,trial_9,trial_10,trial_11,trial_12
P001,581.2,570.8,484.5,534.5,522.3,480.3,531,516.6,550.7,399.2,566.8,531.3
P002,688.4,652.1,707.3,744.7,596.9,785.6,640.9,634.3,759.9,629.5,655.6,713
P003,561,669.5,608.6,561.7,714.1,559.2,543.8,670.5,567.2,504.2,523.5,588.3
P004,512.5,646.4,502.6,498.1,389.3,516.9,512.2,472.5,587.6,496.2,633.2,501.5
P005,570.4,716.1,610.8,594.6,601.6,714.5,743.4,800.5,757.5,524.8,711.7,579.8
P006,565.4,670.8,495.8,544.8,573.5,624.5,516.2,545.4,516.5,494.6,564.4,573.4
P007,635.9,561,730.9,673,654.7,596.1,681.2,690.3,621.5,608.5,651.7,564.4
P008,394,511.2,541.6,669.4,540.2,589.9,444.2,571.3,588.8,571.4,559.5,631.5
P009,503.9,520,608.1,542.2,483,591.3,599.1,605.6,664.4,650.3,610.7,665
P010,525.3,576.2,598.2,589.8,648.4,549,635.3,573.8,554.9,459.4,683.9,568.7
P011,705,728.8,665.2,621,572.4,548.5,NA,622.8,714.9,755.4,711.8,669.7
P012,603.5,570.4,666.8,702.4,612.3,590.6,615.2,692.1,663.3,NA,NA,642.7
P013,629.5,586.1,633.2,606,608.3,553.2,651.5,531.4,692.7,572.3,592.2,538.1
P014,462.9,582.6,615.3,450.4,495,468.1,588.1,553.3,507.2,NA,609,439.9
P015,582.6,691.6,632.4,686.6,690.8,NA,534.5,598.7,584,614.7,684.8,759.5
P016,655.2,617.3,465.3,609.5,484.6,551.9,556,588,609.3,534,668.4,607.9
P017,650.1,632.4,491.2,609.3,617.7,466.3,574,564.7,636.9,637.7,567.5,612.2
P018,675.2,655,659.2,576.6,604.2,622.6,496.3,633.5,541.4,575.2,721.1,582.1
P019,NA,NA,619.9,560.2,595.5,504,597.1,519.3,682.8,663.7,694.2,614.3
P020,726,595.4,649,674.8,661.8,570.6,626.3,580.9,613.1,622.5,619.5,701.8
P021,750.5,689.2,683.3,770.2,788.8,663.8,792.3,804.4,770.4,772.6,724.7,698.6
P022,679.4,681.6,656.3,622.2,645.3,674.9,712.7,717.1,635.2,636.5,677.3,704.4
P023,570.9,609.3,663.8,673.4,490.4,688.2,595,549.1,529.9,500.5,672,587.8
P024,712.4,662.3,671,634.2,630.7,614,678,NA,631.4,652.5,571,612.5
P025,698.9,605.1,701.5,653.3,639.6,658.9,636.8,698.6,690.5,636.9,580.6,624.4
P026,568.1,606.2,562.3,644.5,579.7,NA,565.6,616.6,644.7,NA,581.8,NA
P027,610.9,718.2,662,672.7,530.8,611.3,713.6,598.3,616.1,607.8,685.4,721.2
P028,662.3,696.6,546,563,527.1,543.2,640.9,609.6,672.2,543.1,NA,617.3
P029,642,671.1,NA,579.8,527.3,588.6,591.6,NA,NA,501,680,601.3
P030,693.1,NA,681,NA,592.7,691.5,603.3,603.8,589.3,613.1,NA,603.9
P031,639.7,654.9,671.8,569.2,562.2,631.5,600,646.6,560.9,661.5,624.5,550.1
P032,534.3,587.6,NA,506.2,656.1,621.2,555.2,549.5,542.6,759.5,694.7,699
P033,637.9,632.2,662.1,582.8,605.7,637.5,662.2,605.7,630.5,810.8,553.3,698.6
P034,576.7,559,525,476.3,NA,508,498.8,636.8,NA,496.9,552.9,573.6
P035,576.7,501.5,486.2,NA,529,554.6,540,478.1,493.6,471.9,564.8,456.8
P036,625.1,806.3,611.1,773.8,722.1,655.7,581,586.9,711.4,666.6,NA,599.1
P037,572.4,673,629.6,640,630.7,661.8,649.3,609.5,605,505.7,571.1,641.3
P038,550.1,NA,561.3,625.3,513.2,558.2,NA,585.7,NA,600.8,572.6,659.4
P039,647.3,643.1,713.1,634.7,715.8,585,620.6,682,616.7,604.8,735.2,700.8
P040,573.4,374.1,464.3,530.8,535.8,468.3,537.6,434.4,511,453.9,541.8,543.4
