animal_id,group,neuron_id,firing_rate
A1,control,A1_n1,8.39
A1,control,A1_n2,9.06
A1,control,A1_n3,8.17
A1,control,A1_n4,8.13
A1,control,A1_n5,8.11
A1,control,A1_n6,8.51
A1,control,A1_n7,8.26
A1,control,A1_n8,8.73
A1,control,A1_n9,8.57
A1,control,A1_n10,8.53
A1,control,A1_n11,8.41
A1,control,A1_n12,8.06
A2,control,A2_n1,9.93
A2,control,A2_n2,9.48
A2,control,A2_n3,9.4
A2,control,A2_n4,9.5
A2,control,A2_n5,10.47
A2,control,A2_n6,9.12
A2,control,A2_n7,9.54
A2,control,A2_n8,10.36
A2,control,A2_n9,9.95
A2,control,A2_n10,10.99
A2,control,A2_n11,9.7
A2,control,A2_n12,9.86
A3,control,A3_n1,5.23
A3,control,A3_n2,6.22
A3,control,A3_n3,6.74
A3,control,A3_n4,5.68
A3,control,A3_n5,6.74
A3,control,A3_n6,6
A3,control,A3_n7,4.9
A3,control,A3_n8,6.74
A3,control,A3_n9,6.64
A3,control,A3_n10,6.34
A3,control,A3_n11,6.68
A3,control,A3_n12,6.07
A4,control,A4_n1,6.1
A4,control,A4_n2,6.89
A4,control,A4_n3,6.69
A4,control,A4_n4,6.92
A4,control,A4_n5,6.5
A4,control,A4_n6,6.86
A4,control,A4_n7,7.49
A4,control,A4_n8,6.63
A4,control,A4_n9,6.08
A4,control,A4_n10,8
A4,control,A4_n11,6.52
A4,control,A4_n12,5.42
A5,treatment,A5_n1,7.48
A5,treatment,A5_n2,8.17
A5,treatment,A5_n3,6.68
A5,treatment,A5_n4,6.51
A5,treatment,A5_n5,6.79
A5,treatment,A5_n6,7.61
A5,treatment,A5_n7,7.43
A5,treatment,A5_n8,7.08
A5,treatment,A5_n9,6.7
A5,treatment,A5_n10,7.29
A5,treatment,A5_n11,7.83
A5,treatment,A5_n12,7.25
A6,treatment,A6_n1,9.95
A6,treatment,A6_n2,10.63
A6,treatment,A6_n3,9.72
A6,treatment,A6_n4,10.6
A6,treatment,A6_n5,10.32
A6,treatment,A6_n6,10.55
A6,treatment,A6_n7,10
A6,treatment,A6_n8,9.82
A6,treatment,A6_n9,11.72
A6,treatment,A6_n10,10
A6,treatment,A6_n11,9.58
A6,treatment,A6_n12,10.66
A7,treatment,A7_n1,7.61
A7,treatment,A7_n2,7.22
A7,treatment,A7_n3,8.85
A7,treatment,A7_n4,7.51
A7,treatment,A7_n5,8.69
A7,treatment,A7_n6,7.8
A7,treatment,A7_n7,8.43
A7,treatment,A7_n8,7.91
A7,treatment,A7_n9,8.92
A7,treatment,A7_n10,7.44
A7,treatment,A7_n11,8.97
A7,treatment,A7_n12,7.76
A8,treatment,A8_n1,10.77
A8,treatment,A8_n2,11.18
A8,treatment,A8_n3,11.39
A8,treatment,A8_n4,10.96
A8,treatment,A8_n5,9.79
A8,treatment,A8_n6,11.38
A8,treatment,A8_n7,11.32
A8,treatment,A8_n8,10.43
A8,treatment,A8_n9,11.79
A8,treatment,A8_n10,11.71
A8,treatment,A8_n11,11.54
A8,treatment,A8_n12,12
