"neuron_id","stim_intensity","amplitude"
"N01",4.17,0.666
"N02",32.96,3.402
"N03",21.15,2.389
"N04",33.51,3.652
"N05",20.04,1.604
"N06",33.67,3.779
"N07",39.16,4.746
"N08",33.91,3.029
"N09",10.88,1.203
"N10",10.67,1.353
"N11",36.61,3.012
"N12",17.06,1.729
"N13",36.33,2.963
"N14",4.88,0.755
"N15",4.03,1.091
"N16",24.67,2.93
"N17",7.52,1.194
"N18",23.72,2.792
"N19",33.75,2.945
"N20",31.77,3.705
"N21",12.25,1.405
"N22",12.37,1.711
"N23",7.37,1.438
"N24",29.55,2.029
"N25",32.05,2.611
"N26",1.61,0.671
"N27",37.38,2.862
"N28",36.85,3.771
"N29",30.38,3.252
"N30",11.55,1.346
"N31",23.8,2.841
"N32",9.91,1.387
"N33",3.21,0.967
"N34",39.93,3.415
"N35",36.18,3.913
"N36",29.35,2.527
"N37",5.74,1.104
"N38",26.59,2.148
"N39",28.61,2.607
"N40",19.2,2.017
"N41",5.89,0.938
"N42",15.15,1.507
"N43",19.37,2.082
"N44",4.91,1.118
"N45",11.67,1.544
"N46",23.77,1.923
"N47",23.75,2.655
"N48",25.5,2.178
"N49",26.15,2.341
"N50",19.85,2.202
"N51",29.84,2.532
"N52",33.87,2.95
"N53",35.08,2.106
"N54",23.96,2.051
"N55",14.27,1.929
"N56",24.59,1.856
"N57",9.3,0.874
"N58",33.06,3.057
"N59",16.62,1.589
"N60",38.92,3.706
