participant_id,study_min,accuracy
P001,22.3,0.843
P002,10.4,0.627
P003,42.3,0.908
P004,35,0.882
P005,34.4,0.956
P006,5.3,0.308
P007,29.9,0.838
P008,8.7,0.466
P009,34,0.878
P010,2.9,0.254
P011,36.5,0.844
P012,5.3,0.332
P013,39.9,0.902
P014,18.4,0.724
P015,31.7,0.887
P016,11.9,0.638
P017,45,0.941
P018,30.7,0.825
P019,37.1,0.95
P020,41,0.936
P021,36.9,0.955
P022,14.7,0.667
P023,30.5,0.874
P024,7.6,0.435
P025,6.4,0.376
P026,7.1,0.465
P027,2.7,0.224
P028,10.6,0.564
P029,18.3,0.775
P030,43.4,1
P031,41,0.929
P032,19.2,0.804
P033,31.9,0.934
P034,39.3,0.883
P035,17.7,0.776
P036,30.3,0.907
P037,12.3,0.614
P038,8,0.403
P039,31.6,0.84
P040,39,0.88
P041,13.1,0.627
P042,39.3,0.928
P043,36.3,0.868
P044,28.8,0.92
P045,14,0.648
P046,17.8,0.759
P047,43.1,0.917
P048,32.8,0.854
P049,30.9,0.882
P050,34.2,0.886
P051,19.8,0.752
P052,23.7,0.882
P053,19,0.808
P054,23.2,0.772
P055,8,0.411
P056,24.2,0.773
P057,19.2,0.754
P058,37.9,1
P059,3.5,0.282
P060,8.4,0.464
