participant_id,n_trials,n_correct
P001,60,49
P002,60,49
P003,60,48
P004,60,46
P005,60,41
P006,60,41
P007,60,44
P008,60,42
P009,60,46
P010,60,42
P011,60,41
P012,60,41
P013,60,39
P014,60,49
P015,60,45
P016,60,41
P017,60,46
P018,60,42
P019,60,42
P020,60,40
P021,60,48
P022,60,41
P023,60,48
P024,60,44
P025,60,40
P026,60,46
P027,60,41
P028,60,42
P029,60,36
P030,60,44
P031,60,43
P032,60,49
P033,60,40
P034,60,43
P035,60,45
P036,60,40
P037,60,47
P038,60,47
P039,60,45
P040,60,42
P041,60,41
P042,60,42
P043,60,36
P044,60,48
P045,60,38
