"participant_id","trial","rt_ms"
"P001",1,884.460891976337
"P001",2,282.58061136129
"P001",3,650.954107828417
"P001",4,677.177314827334
"P001",5,713.379226598185
"P001",6,578.447138963547
"P001",7,890.892061328893
"P001",8,920.988430364336
"P001",9,696.448470048549
"P001",10,822.094731088957
"P001",11,461.996660675004
"P001",12,852.436227245928
"P001",13,897.228143687534
"P001",14,1625.4636660603
"P001",15,642.541848166405
"P001",16,487.422364109492
"P001",17,510.409490626581
"P001",18,515.03991834116
"P001",19,413.55522809714
"P001",20,532.116591971691
"P001",21,705.452167886773
"P001",22,755.324352160451
"P001",23,514.382693657858
"P001",24,874.302089507797
"P001",25,323.522722455222
"P001",26,671.378397270614
"P001",27,629.4494475448
"P001",28,858.255543441162
"P001",29,721.698061328498
"P001",30,474.491971904684
"P001",31,688.425943091802
"P001",32,516.474329506174
"P001",33,667.247907574158
"P001",34,985.008819656068
"P001",35,919.354171985622
"P001",36,632.229792945154
"P001",37,583.940563866833
"P001",38,1064.2110092016
"P001",39,540.733392052092
"P001",40,749.670914058147
"P001",41,737.468991139439
"P001",42,617.518679842961
"P001",43,730.383205950176
"P001",44,646.637172993842
"P001",45,975.118402208422
"P001",46,782.891916198162
"P001",47,876.463395221941
"P001",48,728.205454679733
"P001",49,602.41081351056
"P001",50,575.354315753387
"P001",51,1306.82521673161
"P001",52,422.532042268328
"P001",53,980.240540924893
"P001",54,741.771091992825
"P001",55,1387.69274352129
"P001",56,542.930368788926
"P001",57,732.912284188558
"P001",58,328.912838725811
"P001",59,772.411806257726
"P001",60,543.890617120563
"P002",1,797.933017426685
"P002",2,1454.87728681556
"P002",3,708.013617117509
"P002",4,410.046823394693
"P002",5,647.956325267549
"P002",6,534.397821200263
"P002",7,535.540340159742
"P002",8,626.706253225453
"P002",9,1032.91787497957
"P002",10,506.570021477019
"P002",11,297.834312954245
"P002",12,1240.42643534493
"P002",13,612.841026216331
"P002",14,902.321911181171
"P002",15,433.168927083661
"P002",16,667.746673351924
"P002",17,527.631272162094
"P002",18,464.275348046776
"P002",19,426.154799132487
"P002",20,618.312735648184
"P002",21,690.999389120287
"P002",22,783.187724214021
"P002",23,475.579039890021
"P002",24,790.844228331044
"P002",25,774.396726310941
"P002",26,448.049218866931
"P002",27,352.190763001231
"P002",28,542.314893252774
"P002",29,1342.88378103205
"P002",30,1502.81776537384
"P002",31,590.133863404227
"P002",32,942.490197154052
"P002",33,1309.23903446602
"P002",34,587.64507834651
"P002",35,860.304880425914
"P002",36,567.70357499884
"P002",37,596.980942506572
"P002",38,924.951901251187
"P002",39,497.386498486922
"P002",40,308.044867919013
"P002",41,625.692601920219
"P002",42,461.061700246574
"P002",43,616.842937101002
"P002",44,426.035625729587
"P002",45,323.629250929035
"P002",46,640.76584096141
"P002",47,297.847751396201
"P002",48,722.129522332402
"P002",49,1112.16822512123
"P002",50,950.556916716368
"P002",51,434.637916493485
"P002",52,986.96648778958
"P002",53,798.292834339793
"P002",54,456.256908063519
"P002",55,1300.62998789338
"P002",56,549.503486415196
"P002",57,696.987517536601
"P002",58,1239.63493217738
"P002",59,891.188501595502
"P002",60,764.136135281173
"P003",1,730.77437002365
"P003",2,688.553270738229
"P003",3,328.800528017652
"P003",4,615.201816722209
"P003",5,668.908288647708
"P003",6,511.643872148121
"P003",7,569.154428484136
"P003",8,388.69860417457
"P003",9,276.425369278791
"P003",10,477.169740829017
"P003",11,627.169374837601
"P003",12,454.65402891543
"P003",13,441.63449971223
"P003",14,330.261490893032
"P003",15,650.481063791627
"P003",16,966.813327653572
"P003",17,669.017490918715
"P003",18,450.732293844039
"P003",19,1835.37641544443
"P003",20,598.156361101853
"P003",21,696.253969640129
"P003",22,581.970110904075
"P003",23,457.02986197324
"P003",24,510.93863213046
"P003",25,646.439196292781
"P003",26,835.617452053869
"P003",27,396.457727056744
"P003",28,649.715694188692
"P003",29,534.405366601648
"P003",30,735.944130131578
"P003",31,369.511966935855
"P003",32,548.988720351301
"P003",33,429.3175111435
"P003",34,932.998437198445
"P003",35,454.77443422175
"P003",36,787.973576985179
"P003",37,371.351549190121
"P003",38,683.299596321574
"P003",39,835.160373004896
"P003",40,288.466006103908
"P003",41,693.07066551451
"P003",42,400.96700464768
"P003",43,546.607193929942
"P003",44,300.464287686522
"P003",45,1280.43234746874
"P003",46,723.518667754248
"P003",47,621.384843355225
"P003",48,562.825205201039
"P003",49,1240.25121625686
"P003",50,797.510781459295
"P003",51,756.195695635958
"P003",52,1060.96573589776
"P003",53,525.586552284255
"P003",54,628.218543770396
"P003",55,470.922176111989
"P003",56,457.900369959184
"P003",57,514.39357188497
"P003",58,301.894793347277
"P003",59,484.935344330565
"P003",60,315.454446150415
"P004",1,1206.36559328269
"P004",2,620.011565925785
"P004",3,662.488023055388
"P004",4,540.435431852408
"P004",5,597.206872556243
"P004",6,283.25976108462
"P004",7,623.110236173397
"P004",8,453.751303136092
"P004",9,306.100963054445
"P004",10,865.96158086007
"P004",11,418.335095562501
"P004",12,641.651552264087
"P004",13,828.878107691124
"P004",14,554.935294075704
"P004",15,496.809438037456
"P004",16,1339.64416932166
"P004",17,619.567679845566
"P004",18,910.876706624506
"P004",19,1154.81595710516
"P004",20,633.056790417782
"P004",21,373.107979077509
"P004",22,347.666684656767
"P004",23,517.330252565324
"P004",24,914.048140446178
"P004",25,1085.41105220625
"P004",26,772.074201263453
"P004",27,717.825561881713
"P004",28,524.193507014771
"P004",29,618.40069932469
"P004",30,949.160508802859
"P004",31,906.6037974415
"P004",32,608.02546192322
"P004",33,856.002757025616
"P004",34,569.01251615815
"P004",35,597.337392705383
"P004",36,515.240848512998
"P004",37,557.836248002153
"P004",38,882.777360551659
"P004",39,637.768439526558
"P004",40,619.370080848522
"P004",41,541.973329519295
"P004",42,532.793645119355
"P004",43,482.579625476325
"P004",44,751.113530761008
"P004",45,293.721597362727
"P004",46,1096.89889127215
"P004",47,530.02084124808
"P004",48,809.79636792434
"P004",49,668.374754478042
"P004",50,394.781683436272
"P004",51,1603.94212984514
"P004",52,437.085789357794
"P004",53,940.03377960971
"P004",54,883.023917997547
"P004",55,319.148989267639
"P004",56,626.503558052679
"P004",57,558.436462403453
"P004",58,505.592889456622
"P004",59,650.211266259613
"P004",60,386.610634889728
"P005",1,892.231327881797
"P005",2,480.884520504361
"P005",3,443.605341641115
"P005",4,497.319661780009
"P005",5,551.379533461473
"P005",6,573.289490467994
"P005",7,635.282458635681
"P005",8,956.578943597854
"P005",9,640.178441738645
"P005",10,959.975180559615
"P005",11,558.604287518099
"P005",12,475.738210821921
"P005",13,812.965208713032
"P005",14,806.958191256654
"P005",15,385.228797632091
"P005",16,591.905845786518
"P005",17,543.957552239432
"P005",18,674.165516924488
"P005",19,740.110020280846
"P005",20,855.465597480565
"P005",21,724.226629632238
"P005",22,1258.42046013873
"P005",23,472.602489409528
"P005",24,728.105574740719
"P005",25,366.536323489419
"P005",26,857.051507026953
"P005",27,756.565774501038
"P005",28,581.441962458027
"P005",29,557.010958394121
"P005",30,1409.26475767762
"P005",31,667.163147412414
"P005",32,821.166568943993
"P005",33,735.583284232688
"P005",34,573.387216218531
"P005",35,1279.07970013036
"P005",36,1020.217178654
"P005",37,446.753652420959
"P005",38,658.853098890296
"P005",39,320.939440607874
"P005",40,669.605395757167
"P005",41,1064.73207667117
"P005",42,661.657878071092
"P005",43,618.275468859961
"P005",44,1086.07750886193
"P005",45,556.348742653141
"P005",46,464.928498062708
"P005",47,553.262458855781
"P005",48,549.227775696443
"P005",49,747.5715720944
"P005",50,584.800997121772
"P005",51,544.998820290259
"P005",52,551.837240021374
"P005",53,454.518627491349
"P005",54,779.572620822667
"P005",55,759.855999401764
"P005",56,447.000818689429
"P005",57,791.093424219212
"P005",58,840.319833061705
"P005",59,662.416155447303
"P005",60,759.687331153136
"P006",1,689.335622247202
"P006",2,637.5126458745
"P006",3,567.367119432188
"P006",4,479.42032610051
"P006",5,804.803757158592
"P006",6,763.126993514064
"P006",7,508.48362950964
"P006",8,778.329993510646
"P006",9,667.280409523805
"P006",10,785.22619141249
"P006",11,695.682933077161
"P006",12,578.923904279274
"P006",13,506.367564073024
"P006",14,631.380314361192
"P006",15,1536.14497714726
"P006",16,443.399155868315
"P006",17,703.33341606845
"P006",18,644.927290732159
"P006",19,350.850792210634
"P006",20,450.609119723874
"P006",21,774.255704141764
"P006",22,651.719701387163
"P006",23,507.587951544014
"P006",24,476.396152351857
"P006",25,636.086271070526
"P006",26,589.697220839725
"P006",27,727.312450657481
"P006",28,372.339985916008
"P006",29,545.222706091422
"P006",30,707.445060044394
"P006",31,655.167961886702
"P006",32,464.228687343253
"P006",33,336.887937410146
"P006",34,621.615113855238
"P006",35,733.920361903219
"P006",36,1387.32804880468
"P006",37,449.440959165405
"P006",38,682.348383960006
"P006",39,575.234393668322
"P006",40,670.651377538669
"P006",41,422.024890481097
"P006",42,570.237547165377
"P006",43,609.324306323219
"P006",44,369.830637513078
"P006",45,1006.41552841652
"P006",46,679.519551902877
"P006",47,671.374565726022
"P006",48,540.810920042323
"P006",49,495.834837416855
"P006",50,1200.05518662197
"P006",51,443.773890560276
"P006",52,1561.49552456014
"P006",53,740.961396146516
"P006",54,682.096707392463
"P006",55,844.551951366711
"P006",56,1145.71270895901
"P006",57,480.059737892371
"P006",58,969.392675341889
"P006",59,588.671893092035
"P006",60,1516.98409711391
"P007",1,562.613042713041
"P007",2,571.824719070045
"P007",3,941.997898560347
"P007",4,617.812026139091
"P007",5,515.602521104565
"P007",6,503.639410402965
"P007",7,490.308440516103
"P007",8,601.681689334848
"P007",9,1156.30533962532
"P007",10,1004.86691721107
"P007",11,367.067922097727
"P007",12,706.086729876977
"P007",13,345.250192998273
"P007",14,606.436218241741
"P007",15,247.074069870609
"P007",16,509.382821898965
"P007",17,688.134577407547
"P007",18,1123.79367834165
"P007",19,414.168567389701
"P007",20,606.102508867466
"P007",21,948.674854567482
"P007",22,384.036733336866
"P007",23,332.580424853077
"P007",24,999.659673169857
"P007",25,382.876739355182
"P007",26,462.623645418765
"P007",27,991.097127665479
"P007",28,375.443631541171
"P007",29,1099.53037947962
"P007",30,623.960153747782
"P007",31,626.482011385705
"P007",32,587.418731045033
"P007",33,585.344861639422
"P007",34,416.909847437721
"P007",35,329.680596895942
"P007",36,522.978032032797
"P007",37,545.007898767256
"P007",38,750.679139157327
"P007",39,866.84460634537
"P007",40,601.712552825761
"P007",41,764.998918736006
"P007",42,1299.34583859854
"P007",43,569.148181692665
"P007",44,1114.06662565478
"P007",45,1050.12077402428
"P007",46,448.237334693203
"P007",47,580.094169521843
"P007",48,722.809363906628
"P007",49,832.188818331088
"P007",50,571.768427778018
"P007",51,1433.40685158365
"P007",52,636.992240501038
"P007",53,477.813704779243
"P007",54,621.950661458483
"P007",55,926.077641645451
"P007",56,501.540517487761
"P007",57,531.092992602572
"P007",58,693.50182580065
"P007",59,722.96112089262
"P007",60,860.218635598862
"P008",1,425.931485885652
"P008",2,707.893240344863
"P008",3,605.371095494744
"P008",4,1113.18813611079
"P008",5,490.640495497982
"P008",6,1284.12521827923
"P008",7,698.360856041331
"P008",8,983.088276098565
"P008",9,921.943808087971
"P008",10,903.657010231152
"P008",11,629.961334632662
"P008",12,477.075629570449
"P008",13,883.960318699445
"P008",14,575.878138488634
"P008",15,436.001604939131
"P008",16,357.617484448858
"P008",17,1139.59363407853
"P008",18,561.768879648053
"P008",19,799.775251518491
"P008",20,430.372967313385
"P008",21,544.590856586389
"P008",22,870.992247107229
"P008",23,820.310244392875
"P008",24,615.877700305108
"P008",25,716.502410037157
"P008",26,898.35093767335
"P008",27,1194.31025339655
"P008",28,529.280590641467
"P008",29,816.129024897447
"P008",30,560.859829938523
"P008",31,805.016339060285
"P008",32,623.893858165172
"P008",33,1157.28017748315
"P008",34,610.547800264791
"P008",35,517.432763420752
"P008",36,498.071920774234
"P008",37,562.173887702624
"P008",38,645.556745615086
"P008",39,892.922470357792
"P008",40,821.490291089439
"P008",41,403.417931320583
"P008",42,835.382983894264
"P008",43,1088.95188174131
"P008",44,963.405502844776
"P008",45,586.10794201488
"P008",46,812.252747508966
"P008",47,849.00315875809
"P008",48,889.544264878635
"P008",49,467.597477427045
"P008",50,868.942523956887
"P008",51,1371.80770976865
"P008",52,596.930174266711
"P008",53,442.907080410387
"P008",54,416.06950769457
"P008",55,576.618394409432
"P008",56,1117.25378617944
"P008",57,837.186333324316
"P008",58,967.443065006867
"P008",59,538.010883550117
"P008",60,661.314697898786
"P009",1,328.906323441965
"P009",2,367.231226707139
"P009",3,498.801744205039
"P009",4,622.455775561471
"P009",5,1660.56692853802
"P009",6,353.474579762845
"P009",7,608.361492238663
"P009",8,751.60706640636
"P009",9,772.161529851701
"P009",10,493.597748088785
"P009",11,849.881877254143
"P009",12,519.74552405032
"P009",13,509.290357632698
"P009",14,1039.33062688989
"P009",15,688.300823008287
"P009",16,739.228232253904
"P009",17,867.463316094316
"P009",18,934.512796569542
"P009",19,1140.70771774064
"P009",20,724.578902333413
"P009",21,1041.43492837832
"P009",22,744.53683202121
"P009",23,1160.91320631255
"P009",24,1493.04231053803
"P009",25,446.466360871078
"P009",26,693.978572449519
"P009",27,625.60688828558
"P009",28,847.079103763951
"P009",29,678.199927836404
"P009",30,561.909442869958
"P009",31,606.650954274443
"P009",32,657.925776903164
"P009",33,599.291537750606
"P009",34,745.146613816147
"P009",35,725.905970763766
"P009",36,857.214334526702
"P009",37,683.436913870749
"P009",38,380.946963329892
"P009",39,735.508987978081
"P009",40,739.011950976669
"P009",41,473.771664004727
"P009",42,871.771642258641
"P009",43,581.726710673806
"P009",44,558.848945149909
"P009",45,640.654363263464
"P009",46,901.087505090061
"P009",47,416.993425620448
"P009",48,589.230167552018
"P009",49,534.488189025479
"P009",50,374.753448588471
"P009",51,593.674026535083
"P009",52,572.197367686015
"P009",53,640.448901368159
"P009",54,499.823357116545
"P009",55,451.120655190209
"P009",56,607.365378063669
"P009",57,740.210949025042
"P009",58,436.921712159593
"P009",59,451.19557243565
"P009",60,967.019896039448
"P010",1,621.919879039157
"P010",2,1220.14381935262
"P010",3,976.303008059699
"P010",4,688.240594191092
"P010",5,410.992200987616
"P010",6,593.472767369153
"P010",7,2198.81906680316
"P010",8,720.024366570636
"P010",9,515.812380405576
"P010",10,839.395667120043
"P010",11,411.851441845034
"P010",12,781.683050951061
"P010",13,639.100393158488
"P010",14,710.413718079853
"P010",15,696.999050506039
"P010",16,691.381797095118
"P010",17,563.750541212409
"P010",18,405.278577984563
"P010",19,588.283622759569
"P010",20,1137.91906920468
"P010",21,633.556865571799
"P010",22,515.951738050945
"P010",23,677.6002956296
"P010",24,596.721416266906
"P010",25,669.842069914002
"P010",26,654.613223128514
"P010",27,451.005407425724
"P010",28,632.440325691029
"P010",29,525.460505642083
"P010",30,438.18682269723
"P010",31,738.120692058357
"P010",32,563.612755829025
"P010",33,602.560044736066
"P010",34,780.166413799143
"P010",35,395.668598914987
"P010",36,669.469427083042
"P010",37,713.857071731334
"P010",38,619.973533895162
"P010",39,554.907720390006
"P010",40,385.43412770129
"P010",41,455.193821719697
"P010",42,525.223171860658
"P010",43,422.791396650448
"P010",44,511.265215771793
"P010",45,643.618102515575
"P010",46,634.220724618545
"P010",47,791.815793995125
"P010",48,635.567845699436
"P010",49,874.837714051762
"P010",50,625.01844957181
"P010",51,269.431435639008
"P010",52,275.804375718627
"P010",53,628.295054903924
"P010",54,781.190667854533
"P010",55,1088.74463062963
"P010",56,942.895679375716
"P010",57,529.682507353498
"P010",58,1253.79168195763
"P010",59,434.745388166354
"P010",60,885.060239715041
"P011",1,456.921952196805
"P011",2,1293.15200634708
"P011",3,575.951683962179
"P011",4,685.038849929097
"P011",5,815.164656160798
"P011",6,503.862054786819
"P011",7,1148.84218401668
"P011",8,910.852474166133
"P011",9,581.519484948408
"P011",10,1238.93999674249
"P011",11,726.422788725671
"P011",12,680.898160012184
"P011",13,986.726107538761
"P011",14,516.263996377079
"P011",15,496.223499174278
"P011",16,597.934986082921
"P011",17,1080.94403981136
"P011",18,474.276143062276
"P011",19,946.413623887684
"P011",20,1030.59894810981
"P011",21,460.281498394456
"P011",22,530.112775574257
"P011",23,565.82781723558
"P011",24,408.11644083647
"P011",25,552.288618305227
"P011",26,863.181559961746
"P011",27,500.571432227504
"P011",28,445.475794342004
"P011",29,827.849845350136
"P011",30,464.486503008206
"P011",31,1053.91848471409
"P011",32,791.21554992172
"P011",33,491.848635444752
"P011",34,496.541239400814
"P011",35,611.019689651109
"P011",36,705.073000165444
"P011",37,261.138432940872
"P011",38,938.693713405851
"P011",39,757.812129152926
"P011",40,556.6498012806
"P011",41,422.175202391627
"P011",42,546.719211456079
"P011",43,518.005511597052
"P011",44,756.42645537281
"P011",45,449.0710585173
"P011",46,1488.36674504463
"P011",47,793.638797653174
"P011",48,542.963595460541
"P011",49,674.854572487486
"P011",50,651.434673020805
"P011",51,278.329005070701
"P011",52,459.485220289686
"P011",53,450.87323070708
"P011",54,517.241102799074
"P011",55,753.164881885933
"P011",56,859.385385639754
"P011",57,722.162663015789
"P011",58,919.690004076426
"P011",59,570.857963815167
"P011",60,600.198328348267
"P012",1,674.793327230764
"P012",2,748.35031878801
"P012",3,496.599984277994
"P012",4,1088.23544898252
"P012",5,566.227845297777
"P012",6,746.582773193304
"P012",7,541.563443260289
"P012",8,401.406500643955
"P012",9,1071.37148032452
"P012",10,441.740421747008
"P012",11,700.220101365269
"P012",12,479.828288915546
"P012",13,557.023660017195
"P012",14,713.019497417156
"P012",15,705.247506353009
"P012",16,535.811058430402
"P012",17,813.868321716257
"P012",18,736.579745997349
"P012",19,462.905555387196
"P012",20,457.844127732627
"P012",21,860.443593083451
"P012",22,345.476897781492
"P012",23,553.934098012827
"P012",24,1153.82669412605
"P012",25,789.914474349031
"P012",26,426.557488492874
"P012",27,395.539095649656
"P012",28,414.478970599759
"P012",29,468.46431556403
"P012",30,413.944913531668
"P012",31,409.734250214913
"P012",32,556.100750271229
"P012",33,754.145489890808
"P012",34,688.531818766481
"P012",35,461.401132699184
"P012",36,558.348879048676
"P012",37,690.843389392246
"P012",38,753.29354505945
"P012",39,573.447625100478
"P012",40,827.858365743468
"P012",41,822.940148490799
"P012",42,812.161928142143
"P012",43,302.910679133567
"P012",44,785.044500040419
"P012",45,1029.02341715379
"P012",46,906.662146364192
"P012",47,872.079045159508
"P012",48,356.840381990683
"P012",49,594.017386618577
"P012",50,608.653322547706
"P012",51,781.543542756186
"P012",52,434.102977104026
"P012",53,462.952656308595
"P012",54,386.679490077057
"P012",55,1029.11431855489
"P012",56,424.213181727242
"P012",57,430.00771213802
"P012",58,498.478850985001
"P012",59,1104.10016238907
"P012",60,763.485612510132
"P013",1,705.05966264123
"P013",2,698.528210226684
"P013",3,401.851949096699
"P013",4,553.782802441662
"P013",5,539.211399771257
"P013",6,863.740376574571
"P013",7,468.408193961114
"P013",8,561.261296061299
"P013",9,985.107851890022
"P013",10,750.554231437712
"P013",11,826.871433823323
"P013",12,739.170646492485
"P013",13,793.577286972065
"P013",14,899.065421969324
"P013",15,472.462010353953
"P013",16,528.237896989691
"P013",17,552.912459539618
"P013",18,890.598012239065
"P013",19,296.44407693181
"P013",20,353.228453508285
"P013",21,516.958046459171
"P013",22,1217.47766037658
"P013",23,978.483898806511
"P013",24,674.228724331503
"P013",25,832.965162325973
"P013",26,565.258547264373
"P013",27,783.244268933627
"P013",28,645.017609619384
"P013",29,525.015291206907
"P013",30,923.264301116978
"P013",31,725.429804641463
"P013",32,500.595866074751
"P013",33,548.073112304019
"P013",34,702.736106120416
"P013",35,1239.46104307755
"P013",36,576.275230924941
"P013",37,301.226583277296
"P013",38,516.496577675842
"P013",39,552.618270724998
"P013",40,585.316651646127
"P013",41,512.254516238268
"P013",42,752.319365154365
"P013",43,677.95323018901
"P013",44,708.584911757674
"P013",45,577.683207787778
"P013",46,338.844087014704
"P013",47,721.335927953193
"P013",48,607.229160504544
"P013",49,445.921085371424
"P013",50,421.270698226669
"P013",51,386.15756705334
"P013",52,457.708530734735
"P013",53,446.228179263782
"P013",54,731.468858345394
"P013",55,658.633627673931
"P013",56,426.793628794571
"P013",57,558.807823604339
"P013",58,333.272004805733
"P013",59,607.096196029721
"P013",60,638.11103210354
"P014",1,444.699020407427
"P014",2,1208.59017318902
"P014",3,649.64045191099
"P014",4,675.059635052464
"P014",5,888.933354713875
"P014",6,514.480501286416
"P014",7,524.134637320484
"P014",8,791.660899874241
"P014",9,251.79390514738
"P014",10,576.267501568115
"P014",11,687.784024383455
"P014",12,777.40717346035
"P014",13,872.778809834047
"P014",14,825.967092466475
"P014",15,542.980761947843
"P014",16,987.516079263715
"P014",17,939.320481872644
"P014",18,543.339850263789
"P014",19,717.007664345471
"P014",20,742.316686116161
"P014",21,1354.72561968842
"P014",22,1114.26688120276
"P014",23,366.28096746189
"P014",24,750.239278463106
"P014",25,602.149053391638
"P014",26,773.481544057894
"P014",27,582.672265294927
"P014",28,421.928327803278
"P014",29,676.259237181975
"P014",30,634.234933405667
"P014",31,647.036815913899
"P014",32,468.114730734584
"P014",33,775.138161431576
"P014",34,786.56040824186
"P014",35,672.480232847769
"P014",36,1158.02926256511
"P014",37,913.08631744424
"P014",38,448.745409216915
"P014",39,556.86373724603
"P014",40,1400.27356195095
"P014",41,667.550442451254
"P014",42,1245.76271043087
"P014",43,1069.6075254451
"P014",44,500.909657015716
"P014",45,1248.41680182969
"P014",46,474.916948724916
"P014",47,429.947443671886
"P014",48,843.357381333256
"P014",49,464.447527105555
"P014",50,519.576107562791
"P014",51,743.064962904507
"P014",52,1087.44363178794
"P014",53,912.645539996831
"P014",54,713.631064184676
"P014",55,647.44814606736
"P014",56,427.072635241429
"P014",57,487.232177640579
"P014",58,657.338448654597
"P014",59,522.262584584967
"P014",60,494.491501895517
"P015",1,976.760639605233
"P015",2,748.802607705514
"P015",3,552.561620344259
"P015",4,433.202414229331
"P015",5,379.692737894588
"P015",6,660.230939426965
"P015",7,990.250687083781
"P015",8,726.754566534486
"P015",9,719.163776814897
"P015",10,514.724389795516
"P015",11,979.74815648512
"P015",12,1212.29872023983
"P015",13,627.499786182463
"P015",14,442.171873444074
"P015",15,460.465305980214
"P015",16,583.715638005338
"P015",17,942.173382308903
"P015",18,325.680469083836
"P015",19,570.922555252391
"P015",20,992.347615691392
"P015",21,308.509111996837
"P015",22,582.938845451941
"P015",23,624.886160969793
"P015",24,552.039244712228
"P015",25,476.361224503031
"P015",26,1161.46843565543
"P015",27,666.506809495447
"P015",28,469.676106907432
"P015",29,619.462081913125
"P015",30,835.524072958828
"P015",31,580.361620459979
"P015",32,424.797430694261
"P015",33,1081.35915566115
"P015",34,702.126561236084
"P015",35,534.013943539046
"P015",36,788.147843236047
"P015",37,908.776870393081
"P015",38,799.374601611085
"P015",39,480.482360941931
"P015",40,767.796606280175
"P015",41,891.239037975342
"P015",42,800.291643444443
"P015",43,483.414790800852
"P015",44,550.159093079355
"P015",45,398.090759877023
"P015",46,751.764114512892
"P015",47,418.775029015874
"P015",48,505.825864805856
"P015",49,582.680612863746
"P015",50,482.879848123202
"P015",51,637.425408143924
"P015",52,821.315307107777
"P015",53,477.965742095236
"P015",54,338.712415405457
"P015",55,701.978019049796
"P015",56,582.173942156049
"P015",57,551.762203231606
"P015",58,611.288392922019
"P015",59,724.089531650609
"P015",60,783.348680710343
"P016",1,735.067823376512
"P016",2,619.432934152927
"P016",3,625.220859161376
"P016",4,735.474877653643
"P016",5,1117.7482494955
"P016",6,453.553523314921
"P016",7,540.319714087041
"P016",8,923.274907851443
"P016",9,772.372732489408
"P016",10,662.120004276615
"P016",11,899.547821951676
"P016",12,734.744180331925
"P016",13,731.444071604248
"P016",14,646.191652261243
"P016",15,1076.8014747794
"P016",16,447.078112929401
"P016",17,594.561635433522
"P016",18,821.235386364894
"P016",19,575.448989387861
"P016",20,918.853303530796
"P016",21,1353.80331354017
"P016",22,855.025017343326
"P016",23,432.446285673158
"P016",24,896.828179176282
"P016",25,818.221870308618
"P016",26,1096.74685663573
"P016",27,1145.94845244164
"P016",28,379.016212670658
"P016",29,386.069615029125
"P016",30,599.217911326826
"P016",31,769.847153105248
"P016",32,1089.97907486586
"P016",33,651.651694281909
"P016",34,494.36564033112
"P016",35,484.018237678889
"P016",36,712.273949456682
"P016",37,1019.94701261597
"P016",38,710.973895523916
"P016",39,699.073519973883
"P016",40,1796.46097365084
"P016",41,577.477924575266
"P016",42,365.712205804176
"P016",43,584.858854862614
"P016",44,258.227407007482
"P016",45,687.333774992494
"P016",46,852.24743533403
"P016",47,447.332906684242
"P016",48,242.135047804388
"P016",49,706.520284887699
"P016",50,418.710607983661
"P016",51,439.065213581738
"P016",52,1027.03454175953
"P016",53,621.536681051175
"P016",54,552.629982167521
"P016",55,1024.69250874471
"P016",56,527.109383527691
"P016",57,847.025917086657
"P016",58,248.196952186783
"P016",59,379.67727242677
"P016",60,706.7864849182
"P017",1,534.141927170585
"P017",2,382.601896354628
"P017",3,1064.08700758838
"P017",4,796.337176636019
"P017",5,822.796057930929
"P017",6,656.329258944432
"P017",7,582.87768526801
"P017",8,342.012240432521
"P017",9,868.197336768994
"P017",10,458.780579901073
"P017",11,378.484783483152
"P017",12,680.546900648367
"P017",13,571.97514593105
"P017",14,436.520061416642
"P017",15,577.392578984081
"P017",16,783.926873582185
"P017",17,837.730992418458
"P017",18,565.24339529589
"P017",19,616.863436574622
"P017",20,494.905934507735
"P017",21,722.830523970011
"P017",22,378.91016894188
"P017",23,724.291216515465
"P017",24,846.987791403815
"P017",25,969.330036994115
"P017",26,728.109107370927
"P017",27,688.713224414205
"P017",28,715.49220569295
"P017",29,488.036416337878
"P017",30,694.020416375523
"P017",31,650.09987848818
"P017",32,362.330121138629
"P017",33,838.209367977419
"P017",34,476.8189259518
"P017",35,1093.28493374053
"P017",36,413.4879226873
"P017",37,611.877886287935
"P017",38,918.548887928398
"P017",39,722.82108751092
"P017",40,681.326807122638
"P017",41,322.445680476889
"P017",42,1232.85118838201
"P017",43,1002.13998243368
"P017",44,889.442193477147
"P017",45,550.365810874289
"P017",46,1153.77028421925
"P017",47,526.849145220554
"P017",48,323.061519582169
"P017",49,909.961564814902
"P017",50,670.135488761794
"P017",51,1267.25001590839
"P017",52,770.954280289061
"P017",53,732.826598557996
"P017",54,575.574871668483
"P017",55,498.810265817983
"P017",56,698.021752062148
"P017",57,876.406551997396
"P017",58,616.349921088666
"P017",59,433.720037851499
"P017",60,636.177765566074
"P018",1,474.672540715365
"P018",2,1115.70383544783
"P018",3,364.282992001354
"P018",4,647.153395214596
"P018",5,485.209955361429
"P018",6,912.119364357889
"P018",7,969.457735309444
"P018",8,498.071749343705
"P018",9,367.242639325148
"P018",10,751.640340632324
"P018",11,816.293876981575
"P018",12,239.377593341683
"P018",13,955.289016771657
"P018",14,618.246672194544
"P018",15,569.611471664009
"P018",16,859.460836545679
"P018",17,301.393455893129
"P018",18,533.1836248112
"P018",19,1465.36706017157
"P018",20,297.264245513865
"P018",21,880.932376434907
"P018",22,717.362100771395
"P018",23,505.619337574024
"P018",24,255.77230579744
"P018",25,533.75449304866
"P018",26,762.240093607939
"P018",27,873.010626883808
"P018",28,521.979139628014
"P018",29,820.053765760554
"P018",30,590.438120215189
"P018",31,652.714091194039
"P018",32,408.394887350935
"P018",33,398.1764086719
"P018",34,388.285746231074
"P018",35,886.12460967348
"P018",36,333.815225596246
"P018",37,673.897369700194
"P018",38,487.004437013443
"P018",39,928.59545538692
"P018",40,657.61252126756
"P018",41,675.131822334562
"P018",42,908.876347672365
"P018",43,476.587267121914
"P018",44,627.892956948369
"P018",45,529.97236768947
"P018",46,816.729167805071
"P018",47,440.2349292064
"P018",48,923.343553022787
"P018",49,842.03673047964
"P018",50,314.471000356791
"P018",51,766.920858198491
"P018",52,549.593506267042
"P018",53,451.975240388875
"P018",54,645.617162281098
"P018",55,444.354738744434
"P018",56,1010.61538811248
"P018",57,584.783673524731
"P018",58,703.572955421109
"P018",59,602.178803463106
"P018",60,663.403886631343
"P019",1,564.602480279222
"P019",2,1079.43696568954
"P019",3,458.273817412891
"P019",4,818.791403289154
"P019",5,646.622544931388
"P019",6,773.488883603252
"P019",7,613.711139858227
"P019",8,1257.69337792644
"P019",9,555.006826074045
"P019",10,724.296588667344
"P019",11,729.448055467887
"P019",12,772.337948971292
"P019",13,970.329630977905
"P019",14,701.182965846335
"P019",15,273.515912582073
"P019",16,621.289771462226
"P019",17,539.165724178592
"P019",18,511.182955585837
"P019",19,1329.16058372399
"P019",20,1042.44022972844
"P019",21,437.070918614943
"P019",22,476.218777977511
"P019",23,431.868140033437
"P019",24,582.340449847842
"P019",25,833.756745721295
"P019",26,746.116978144918
"P019",27,1463.73169062931
"P019",28,1049.05611917417
"P019",29,509.816197090237
"P019",30,668.513894806211
"P019",31,626.767202478077
"P019",32,1122.32846275043
"P019",33,621.425627544398
"P019",34,402.024552691838
"P019",35,1001.15639533587
"P019",36,496.663998688058
"P019",37,833.729143744584
"P019",38,418.386106199798
"P019",39,435.081231741378
"P019",40,390.521675010593
"P019",41,784.426521175829
"P019",42,725.778288917972
"P019",43,685.097460231574
"P019",44,712.296527618127
"P019",45,539.008179093944
"P019",46,972.56289082636
"P019",47,923.937937683866
"P019",48,529.803259507018
"P019",49,1093.1379690036
"P019",50,638.713245784566
"P019",51,1033.20546384855
"P019",52,802.746917257033
"P019",53,593.285130080176
"P019",54,846.136662522482
"P019",55,320.208930760516
"P019",56,730.377481981265
"P019",57,712.645221898001
"P019",58,949.747706258148
"P019",59,518.599479324762
"P019",60,513.89611314689
"P020",1,768.462947855793
"P020",2,480.162767039714
"P020",3,643.342616682619
"P020",4,635.989589044686
"P020",5,690.773514742829
"P020",6,557.906324421735
"P020",7,431.036288737922
"P020",8,747.266415120252
"P020",9,712.338268305666
"P020",10,605.371583096255
"P020",11,730.787079321883
"P020",12,642.765040048076
"P020",13,406.000279644011
"P020",14,304.189061355435
"P020",15,991.307142823248
"P020",16,809.666655113397
"P020",17,1093.13191121572
"P020",18,1106.75954308866
"P020",19,1015.74262439712
"P020",20,508.004810801414
"P020",21,984.87540357216
"P020",22,1260.70328022083
"P020",23,493.207169419493
"P020",24,1087.37126170069
"P020",25,284.131080230545
"P020",26,727.385886985528
"P020",27,598.103614068028
"P020",28,424.24316342987
"P020",29,1295.74001516669
"P020",30,945.642156444938
"P020",31,526.151048237781
"P020",32,351.7061996471
"P020",33,611.027438826586
"P020",34,408.483925666675
"P020",35,390.266100311183
"P020",36,765.909144660554
"P020",37,435.677161940137
"P020",38,899.897669489092
"P020",39,923.77831417874
"P020",40,597.905324330972
"P020",41,605.824205215891
"P020",42,341.866477921645
"P020",43,804.582634086222
"P020",44,637.006920627721
"P020",45,925.281506488128
"P020",46,499.164252880888
"P020",47,683.054692957512
"P020",48,1040.63058570192
"P020",49,569.084302224616
"P020",50,1110.18738937996
"P020",51,674.864599189169
"P020",52,876.805578896347
"P020",53,589.571751121647
"P020",54,551.249510132476
"P020",55,595.716132164192
"P020",56,632.367515539884
"P020",57,837.658060785427
"P020",58,722.463670597294
"P020",59,561.344277008775
"P020",60,691.706731182803
"P021",1,715.411813403349
"P021",2,557.664889797342
"P021",3,721.398423684753
"P021",4,552.526263293717
"P021",5,425.48225002028
"P021",6,538.641289146946
"P021",7,473.323798535646
"P021",8,735.670481606324
"P021",9,814.269991188944
"P021",10,461.724082011502
"P021",11,818.668425251622
"P021",12,943.052613915529
"P021",13,362.243614026926
"P021",14,601.074597438585
"P021",15,740.002144889393
"P021",16,615.839504531689
"P021",17,428.48460484745
"P021",18,551.659746263713
"P021",19,569.948177916627
"P021",20,520.776881695667
"P021",21,769.143382222627
"P021",22,952.569128600309
"P021",23,397.62570529737
"P021",24,964.468735147496
"P021",25,939.541499171159
"P021",26,706.969725798617
"P021",27,691.394887033005
"P021",28,753.669894662638
"P021",29,694.397057764427
"P021",30,980.502951553275
"P021",31,1028.50825327921
"P021",32,370.935555925902
"P021",33,586.905503544551
"P021",34,636.565195439493
"P021",35,821.933557165311
"P021",36,736.293111175489
"P021",37,820.587650179928
"P021",38,415.869536686954
"P021",39,584.329040720353
"P021",40,598.425551734457
"P021",41,908.293224913693
"P021",42,537.036846094329
"P021",43,929.06861520206
"P021",44,424.111220421353
"P021",45,666.947581620337
"P021",46,839.194542334741
"P021",47,574.483406097358
"P021",48,514.458237762573
"P021",49,1157.51116895793
"P021",50,568.016180530017
"P021",51,881.195715051723
"P021",52,435.361191162731
"P021",53,677.800933647197
"P021",54,684.510316641702
"P021",55,748.126149149728
"P021",56,796.438338147529
"P021",57,565.71707803749
"P021",58,927.632086675203
"P021",59,373.953241033859
"P021",60,1389.58169059676
"P022",1,1619.79844672284
"P022",2,707.907612052024
"P022",3,897.879520259395
"P022",4,469.256233979004
"P022",5,624.807592734875
"P022",6,746.108447017261
"P022",7,454.107508459828
"P022",8,850.379109441464
"P022",9,426.671577663734
"P022",10,746.981710304169
"P022",11,1455.68309890965
"P022",12,591.773186559814
"P022",13,617.031111282862
"P022",14,616.419802816315
"P022",15,1126.83754668558
"P022",16,757.259395733343
"P022",17,501.279229979125
"P022",18,703.55193533428
"P022",19,498.31041709332
"P022",20,805.357880929557
"P022",21,576.298356955151
"P022",22,1049.68228389148
"P022",23,975.172175271839
"P022",24,961.326907273158
"P022",25,523.367700620897
"P022",26,1188.08959482061
"P022",27,509.263917457065
"P022",28,721.854653210894
"P022",29,314.58094172779
"P022",30,510.465530675654
"P022",31,545.116077223356
"P022",32,754.642879602815
"P022",33,403.672728728746
"P022",34,541.482749116439
"P022",35,1086.68130882237
"P022",36,517.845729500454
"P022",37,770.703995548611
"P022",38,709.231787640473
"P022",39,1300.3206372719
"P022",40,920.758791504586
"P022",41,673.509074957273
"P022",42,882.081825344658
"P022",43,564.438796322424
"P022",44,337.677806964956
"P022",45,816.038898372433
"P022",46,417.989747690539
"P022",47,337.107067701339
"P022",48,706.533339486645
"P022",49,587.327242042992
"P022",50,748.920332317797
"P022",51,965.360512247715
"P022",52,807.621574486635
"P022",53,846.500049245903
"P022",54,882.991651803535
"P022",55,754.297204681168
"P022",56,481.595989414137
"P022",57,541.153690280835
"P022",58,321.772780396407
"P022",59,663.107410968912
"P022",60,421.338827979624
"P023",1,577.907548707332
"P023",2,371.72945378897
"P023",3,880.028963767372
"P023",4,590.17566817276
"P023",5,762.062528812083
"P023",6,528.301927178706
"P023",7,321.698431645524
"P023",8,928.121801068302
"P023",9,606.783328994571
"P023",10,762.736860710651
"P023",11,1050.20804239845
"P023",12,744.186871172948
"P023",13,482.595961855311
"P023",14,753.070041707334
"P023",15,363.003239375805
"P023",16,749.862606610586
"P023",17,426.507561327142
"P023",18,690.623912253228
"P023",19,793.44786920696
"P023",20,646.911631498404
"P023",21,598.029965710879
"P023",22,662.163425518245
"P023",23,872.628466593636
"P023",24,927.626235714144
"P023",25,367.17129599157
"P023",26,630.557697673646
"P023",27,794.721111452813
"P023",28,528.022334724488
"P023",29,643.156757440254
"P023",30,577.102170489704
"P023",31,492.04028800466
"P023",32,1147.06566745906
"P023",33,798.632844621695
"P023",34,559.677365954076
"P023",35,485.553980739611
"P023",36,1536.73746710792
"P023",37,1527.76230405708
"P023",38,580.520680537599
"P023",39,575.977934233209
"P023",40,567.779480306515
"P023",41,707.019150320525
"P023",42,594.867607225021
"P023",43,611.646647956196
"P023",44,607.068214312639
"P023",45,447.42154258818
"P023",46,348.277201972815
"P023",47,1245.53311224665
"P023",48,393.16227171567
"P023",49,679.5686892259
"P023",50,1492.87922042754
"P023",51,447.841120351149
"P023",52,684.11654562652
"P023",53,463.157285552585
"P023",54,578.35550343782
"P023",55,590.751410224904
"P023",56,626.896430855698
"P023",57,827.510055403578
"P023",58,645.676290235604
"P023",59,778.960636651307
"P023",60,422.871518751322
"P024",1,433.244352755277
"P024",2,1159.7395765163
"P024",3,1039.64973749969
"P024",4,725.587129428988
"P024",5,657.432590965362
"P024",6,1325.33259563491
"P024",7,793.758796332768
"P024",8,1252.59323716034
"P024",9,555.905341720867
"P024",10,958.366927074027
"P024",11,846.176751092583
"P024",12,528.520613371699
"P024",13,626.532919664513
"P024",14,508.973818303004
"P024",15,839.507890306555
"P024",16,696.195851269558
"P024",17,398.142935738615
"P024",18,739.580795375182
"P024",19,559.907261860722
"P024",20,297.116193069725
"P024",21,832.420708742894
"P024",22,402.824446988992
"P024",23,399.466800195402
"P024",24,617.483640018483
"P024",25,796.266413960462
"P024",26,696.966101437494
"P024",27,550.379853258294
"P024",28,677.042702477175
"P024",29,734.333761489264
"P024",30,563.154353710221
"P024",31,638.477492401571
"P024",32,538.950178095703
"P024",33,621.238837771466
"P024",34,1235.41450824164
"P024",35,626.870199145569
"P024",36,1188.35090371321
"P024",37,1031.7673334168
"P024",38,906.327188925436
"P024",39,846.766484517573
"P024",40,560.489281663449
"P024",41,1381.33202106412
"P024",42,430.721000805516
"P024",43,593.328565468452
"P024",44,868.878384008748
"P024",45,852.079986104879
"P024",46,1265.58740060454
"P024",47,678.655456238055
"P024",48,579.740022443083
"P024",49,784.945068987407
"P024",50,557.174739705525
"P024",51,788.877612368362
"P024",52,557.982332397046
"P024",53,521.190466696383
"P024",54,850.798577467774
"P024",55,610.246608085724
"P024",56,544.116983872571
"P024",57,636.717630110776
"P024",58,615.484952089988
"P024",59,431.881380286679
"P024",60,443.958364154867
"P025",1,652.099715931686
"P025",2,517.318561594116
"P025",3,365.979759235052
"P025",4,838.417355799147
"P025",5,641.355277697957
"P025",6,569.606245839163
"P025",7,943.661489422938
"P025",8,422.542458522163
"P025",9,502.49687803199
"P025",10,618.150288464346
"P025",11,874.645005515004
"P025",12,585.373867577424
"P025",13,767.226980823029
"P025",14,656.674522051253
"P025",15,418.577399644037
"P025",16,507.362301926757
"P025",17,788.993701666336
"P025",18,1128.37708566242
"P025",19,542.64403336227
"P025",20,804.868119992851
"P025",21,256.089726044149
"P025",22,537.718635815152
"P025",23,574.586310451979
"P025",24,780.115137352972
"P025",25,849.523879800177
"P025",26,877.615003818398
"P025",27,377.670488553837
"P025",28,553.055984984388
"P025",29,644.816196974945
"P025",30,461.87541355945
"P025",31,457.513845859169
"P025",32,1739.4166938489
"P025",33,560.738145724415
"P025",34,810.585582811076
"P025",35,420.780435422292
"P025",36,639.837673808391
"P025",37,579.875615476526
"P025",38,437.084148115457
"P025",39,588.616948353117
"P025",40,520.525168495233
"P025",41,310.350645155667
"P025",42,504.816446105923
"P025",43,726.958567121298
"P025",44,517.664848296956
"P025",45,825.037944700294
"P025",46,670.42939619818
"P025",47,641.283523369534
"P025",48,925.449772597935
"P025",49,958.609025061059
"P025",50,572.477270956796
"P025",51,870.798464188894
"P025",52,429.322576843773
"P025",53,583.211554984738
"P025",54,652.68464519383
"P025",55,929.667796264075
"P025",56,786.084276295476
"P025",57,377.191670815209
"P025",58,545.532102726548
"P025",59,423.665810407411
"P025",60,1557.25979930725
"P026",1,709.921211296213
"P026",2,315.449877354667
"P026",3,959.967399733822
"P026",4,753.739181553474
"P026",5,385.539191231419
"P026",6,964.838333848441
"P026",7,502.877921444294
"P026",8,387.786692874869
"P026",9,895.961694821268
"P026",10,416.015119688222
"P026",11,539.734055302381
"P026",12,710.900473651969
"P026",13,652.665930813216
"P026",14,1058.9663105272
"P026",15,787.726539999826
"P026",16,559.629155177793
"P026",17,853.366645814452
"P026",18,929.407919517942
"P026",19,631.880684940151
"P026",20,474.410179410392
"P026",21,1074.72513582335
"P026",22,447.984942590647
"P026",23,1057.21557497289
"P026",24,1010.98843791577
"P026",25,656.171803444769
"P026",26,1327.79186703457
"P026",27,485.49234401113
"P026",28,356.443798442104
"P026",29,653.88005268835
"P026",30,770.484766106408
"P026",31,487.372296045317
"P026",32,599.534565547216
"P026",33,970.817544183872
"P026",34,565.346420531284
"P026",35,658.085730690146
"P026",36,272.109509303436
"P026",37,538.547215519645
"P026",38,639.092944288866
"P026",39,628.920954518956
"P026",40,796.844152938664
"P026",41,919.823038396794
"P026",42,563.780429581776
"P026",43,1174.00368270638
"P026",44,252.110300162475
"P026",45,635.234148913386
"P026",46,1608.50842165661
"P026",47,588.527613728083
"P026",48,618.544005114045
"P026",49,1098.29242506424
"P026",50,923.084496861327
"P026",51,744.607006245311
"P026",52,529.135679384504
"P026",53,567.461485770455
"P026",54,863.820899715801
"P026",55,433.940806310957
"P026",56,433.655096281986
"P026",57,531.073202888738
"P026",58,637.461010818826
"P026",59,881.955011899381
"P026",60,513.75552280153
"P027",1,611.883027139633
"P027",2,414.500303586054
"P027",3,363.056288161002
"P027",4,1000.15228417624
"P027",5,626.926064462167
"P027",6,516.168862267294
"P027",7,933.644468929369
"P027",8,839.685563980546
"P027",9,614.307931209664
"P027",10,471.242367170498
"P027",11,438.730200789024
"P027",12,807.158417442569
"P027",13,694.732113284429
"P027",14,1044.74434093863
"P027",15,480.454676971658
"P027",16,627.621841272414
"P027",17,666.428189575862
"P027",18,524.658567333462
"P027",19,310.698149817063
"P027",20,709.152877499525
"P027",21,897.661875971824
"P027",22,478.687736964924
"P027",23,645.218773277783
"P027",24,660.000208471545
"P027",25,587.776930415718
"P027",26,587.706334190838
"P027",27,795.598786949204
"P027",28,813.782372304821
"P027",29,631.665706675863
"P027",30,1932.08958575505
"P027",31,568.943003499202
"P027",32,796.614364142161
"P027",33,639.679941028517
"P027",34,732.71818491043
"P027",35,969.406286145434
"P027",36,458.573327236264
"P027",37,884.158737544279
"P027",38,406.943511249844
"P027",39,761.837376717319
"P027",40,510.21575259741
"P027",41,729.281824985493
"P027",42,617.868883100685
"P027",43,822.461355461668
"P027",44,950.179871120818
"P027",45,709.190635826439
"P027",46,539.219254734079
"P027",47,1258.96620086412
"P027",48,643.11799391024
"P027",49,776.283293172891
"P027",50,945.936780307004
"P027",51,608.454975067432
"P027",52,845.859257243077
"P027",53,826.129101506825
"P027",54,762.3640375793
"P027",55,1161.30380355979
"P027",56,250.140412573207
"P027",57,1214.17609329147
"P027",58,1174.62770009697
"P027",59,1062.92085197426
"P027",60,980.957940708945
"P028",1,869.806117325875
"P028",2,551.820131997008
"P028",3,1111.30965768525
"P028",4,1400.28395442106
"P028",5,509.680979940017
"P028",6,823.000379748776
"P028",7,1120.88935868344
"P028",8,944.456482412435
"P028",9,610.339174213371
"P028",10,470.885668185143
"P028",11,789.126665974001
"P028",12,532.885616190674
"P028",13,1241.41646557758
"P028",14,548.681120804715
"P028",15,760.827445885002
"P028",16,413.240303052388
"P028",17,902.632316231058
"P028",18,529.239692528614
"P028",19,579.020382193343
"P028",20,710.043604246608
"P028",21,798.369641570085
"P028",22,713.190072195529
"P028",23,889.35452476562
"P028",24,585.574537815789
"P028",25,519.689688455434
"P028",26,569.052224814387
"P028",27,849.903220532887
"P028",28,499.071576895949
"P028",29,538.508399321404
"P028",30,989.220116207939
"P028",31,583.256498802399
"P028",32,880.33955295826
"P028",33,561.124549208248
"P028",34,903.130316343739
"P028",35,873.301954645711
"P028",36,828.215056780191
"P028",37,558.421588180838
"P028",38,696.390374943797
"P028",39,506.156491845878
"P028",40,1166.18062435174
"P028",41,426.552330792192
"P028",42,700.769185104603
"P028",43,437.654743487979
"P028",44,545.629206213074
"P028",45,621.984355438013
"P028",46,485.11734317828
"P028",47,566.526592197691
"P028",48,632.388979659682
"P028",49,505.191963459805
"P028",50,569.359093794122
"P028",51,298.087885787246
"P028",52,455.650714575601
"P028",53,788.704107111464
"P028",54,822.792214901868
"P028",55,929.529905222558
"P028",56,706.979210093226
"P028",57,484.10267359144
"P028",58,592.074031159127
"P028",59,504.921688086586
"P028",60,542.833854851729
"P029",1,521.339085091629
"P029",2,528.878487035935
"P029",3,636.761881898266
"P029",4,569.869663825171
"P029",5,908.721011129142
"P029",6,450.478649602836
"P029",7,596.030223687858
"P029",8,1174.18643376862
"P029",9,319.450173449352
"P029",10,488.268306410332
"P029",11,293.204083380792
"P029",12,610.514287065573
"P029",13,612.481389097275
"P029",14,1036.33863202321
"P029",15,1119.32603201873
"P029",16,760.959180109521
"P029",17,556.41557073864
"P029",18,583.362639950604
"P029",19,588.656559097641
"P029",20,720.957980030757
"P029",21,556.445616494672
"P029",22,475.267203180335
"P029",23,664.924063604006
"P029",24,337.477567051951
"P029",25,831.988453131552
"P029",26,487.02749123028
"P029",27,707.271154566937
"P029",28,687.770330348147
"P029",29,652.368107204367
"P029",30,567.945968779957
"P029",31,1385.25306465651
"P029",32,532.289367739924
"P029",33,999.326331406525
"P029",34,661.823339175451
"P029",35,675.815021290204
"P029",36,490.512898825167
"P029",37,346.273281072316
"P029",38,703.207655245133
"P029",39,526.579381508263
"P029",40,1199.31284495418
"P029",41,1059.66661109159
"P029",42,621.970226040468
"P029",43,759.906330130013
"P029",44,589.748903627874
"P029",45,1023.12855442421
"P029",46,496.952359189039
"P029",47,961.074133009304
"P029",48,938.167420492931
"P029",49,1086.92569916094
"P029",50,1104.35254313644
"P029",51,642.028055365124
"P029",52,428.245581314206
"P029",53,711.149209972919
"P029",54,453.115699774543
"P029",55,688.512761001418
"P029",56,616.405371123937
"P029",57,469.227673558746
"P029",58,543.156420541297
"P029",59,644.527576719735
"P029",60,688.44457318116
"P030",1,834.828955123528
"P030",2,968.432279477498
"P030",3,688.752254643063
"P030",4,769.808272717954
"P030",5,1108.33180334175
"P030",6,442.052499001299
"P030",7,772.663066179789
"P030",8,363.395985866018
"P030",9,528.545187572443
"P030",10,840.313857829487
"P030",11,442.825769866296
"P030",12,570.506030915247
"P030",13,399.296036972525
"P030",14,408.794757823202
"P030",15,478.051696934263
"P030",16,476.435623799866
"P030",17,464.408851805357
"P030",18,789.908479813561
"P030",19,567.955003655931
"P030",20,370.794185262635
"P030",21,487.541857996381
"P030",22,598.27183422509
"P030",23,885.972521835818
"P030",24,594.658630311016
"P030",25,840.276409163584
"P030",26,437.64652709194
"P030",27,1199.06014928143
"P030",28,1058.85134476733
"P030",29,911.91590964387
"P030",30,920.933223670677
"P030",31,500.439668076604
"P030",32,342.203446105108
"P030",33,677.793751969464
"P030",34,503.898631523567
"P030",35,890.714400133229
"P030",36,570.389597800511
"P030",37,737.723761558491
"P030",38,852.295110116779
"P030",39,569.629612440655
"P030",40,1158.14079151762
"P030",41,312.009153606821
"P030",42,772.154121114173
"P030",43,789.693432348877
"P030",44,421.715531942594
"P030",45,824.264015686774
"P030",46,441.218749992754
"P030",47,805.056010528427
"P030",48,582.719159932103
"P030",49,823.733503649355
"P030",50,767.10434274421
"P030",51,583.964318680959
"P030",52,390.065519152286
"P030",53,437.24995661294
"P030",54,398.488419110155
"P030",55,346.241837537777
"P030",56,226.951843110321
"P030",57,905.568353361971
"P030",58,636.008619507177
"P030",59,905.582594136069
"P030",60,645.346239825799
"P031",1,1186.55602482105
"P031",2,652.546554785534
"P031",3,545.802716074299
"P031",4,488.256442748926
"P031",5,760.849048010709
"P031",6,327.160695906448
"P031",7,333.081203864018
"P031",8,473.072041439388
"P031",9,1285.77627657783
"P031",10,691.283876149588
"P031",11,428.259413741658
"P031",12,1067.06377390945
"P031",13,329.597364861141
"P031",14,705.499092184137
"P031",15,543.533321588389
"P031",16,959.95113623741
"P031",17,672.168516208178
"P031",18,497.262725765383
"P031",19,358.080337422941
"P031",20,403.482658011601
"P031",21,740.110951795562
"P031",22,1339.12832127318
"P031",23,605.859529202219
"P031",24,322.538650939564
"P031",25,658.454372103715
"P031",26,330.519473812184
"P031",27,1361.8382283434
"P031",28,468.991070644975
"P031",29,370.579396976429
"P031",30,451.700087338204
"P031",31,408.182216204909
"P031",32,426.663700619341
"P031",33,727.251969565183
"P031",34,834.311391727951
"P031",35,803.981593161783
"P031",36,478.359525123957
"P031",37,513.193266342861
"P031",38,1095.99949159466
"P031",39,812.258033322894
"P031",40,577.015176508659
"P031",41,1527.28935288377
"P031",42,354.998796397845
"P031",43,563.018727673945
"P031",44,623.123047430931
"P031",45,627.791636152815
"P031",46,1150.67587432288
"P031",47,1104.56341114841
"P031",48,754.591972821175
"P031",49,369.868184330322
"P031",50,532.567588484223
"P031",51,775.372548431732
"P031",52,948.954592456209
"P031",53,699.353182521685
"P031",54,883.739894502317
"P031",55,630.189589160579
"P031",56,498.836044919488
"P031",57,1248.24737830704
"P031",58,863.306828523721
"P031",59,683.565406007139
"P031",60,782.836468787493
"P032",1,622.950523202977
"P032",2,798.331328119772
"P032",3,830.384902473691
"P032",4,582.059990091009
"P032",5,742.1945095584
"P032",6,548.369690962027
"P032",7,657.55027289448
"P032",8,976.306127153148
"P032",9,950.149284576736
"P032",10,633.010068631274
"P032",11,537.544188140499
"P032",12,863.102912717662
"P032",13,369.268884723217
"P032",14,841.787790316886
"P032",15,476.118400118458
"P032",16,767.719792054129
"P032",17,712.163170170688
"P032",18,516.341218839942
"P032",19,1203.10320273901
"P032",20,584.808146360754
"P032",21,306.327647366506
"P032",22,643.870236001842
"P032",23,1038.03924625895
"P032",24,1116.0863902508
"P032",25,241.378445539384
"P032",26,1145.07983438477
"P032",27,542.372619831526
"P032",28,505.486003939755
"P032",29,677.097018332759
"P032",30,857.86017947349
"P032",31,872.789224755918
"P032",32,687.990645678913
"P032",33,725.902008058538
"P032",34,422.852407422044
"P032",35,425.942409679155
"P032",36,458.1807968052
"P032",37,890.202001206639
"P032",38,381.213667675869
"P032",39,584.119804065776
"P032",40,768.9592470711
"P032",41,494.687208220701
"P032",42,487.209927209343
"P032",43,769.667468780589
"P032",44,604.469600923907
"P032",45,1034.97891502491
"P032",46,985.507117114539
"P032",47,524.400074292046
"P032",48,561.283592869233
"P032",49,511.714441663133
"P032",50,642.060420354963
"P032",51,569.587773353196
"P032",52,766.402235593209
"P032",53,482.259265482149
"P032",54,743.627770645894
"P032",55,626.821892893504
"P032",56,607.95958962112
"P032",57,433.189122581419
"P032",58,879.70587018275
"P032",59,942.940062596318
"P032",60,465.197811884101
"P033",1,729.820955395443
"P033",2,622.994335907928
"P033",3,720.75145183263
"P033",4,805.929320464784
"P033",5,1104.06407487061
"P033",6,1156.40092368837
"P033",7,857.181709332388
"P033",8,684.277221097815
"P033",9,637.231762743579
"P033",10,623.147282606035
"P033",11,593.645903693272
"P033",12,477.440007925399
"P033",13,383.898970869834
"P033",14,793.975268085607
"P033",15,609.342416863516
"P033",16,455.81818333675
"P033",17,549.99797362517
"P033",18,588.629376018356
"P033",19,408.358450619147
"P033",20,857.047029748021
"P033",21,1190.26795472943
"P033",22,695.848127606214
"P033",23,769.976669985772
"P033",24,653.661089917923
"P033",25,732.699842342038
"P033",26,296.776085607998
"P033",27,702.8650251967
"P033",28,718.925645918503
"P033",29,830.775102220836
"P033",30,597.475434434366
"P033",31,487.948060073697
"P033",32,524.985274875035
"P033",33,575.743165562254
"P033",34,589.004619269593
"P033",35,335.129962185754
"P033",36,475.107365817387
"P033",37,1078.33343472241
"P033",38,771.043612121202
"P033",39,657.758237821067
"P033",40,797.559998213104
"P033",41,1377.67118710917
"P033",42,645.762255284725
"P033",43,560.278978463553
"P033",44,642.170355692746
"P033",45,383.32934977203
"P033",46,388.35031490383
"P033",47,707.86131106664
"P033",48,912.929988710902
"P033",49,572.149046562645
"P033",50,510.4245976307
"P033",51,613.645860409252
"P033",52,435.620497690525
"P033",53,523.469278789032
"P033",54,722.066594881483
"P033",55,1131.39981941289
"P033",56,613.286886575095
"P033",57,307.990966776763
"P033",58,984.281899550702
"P033",59,518.087360689472
"P033",60,533.094263456153
"P034",1,614.393799254255
"P034",2,506.893518303677
"P034",3,605.058233110867
"P034",4,506.55843423389
"P034",5,725.253351858074
"P034",6,866.717267486334
"P034",7,823.639495106603
"P034",8,416.031053588301
"P034",9,401.992788041996
"P034",10,852.888698856385
"P034",11,683.508390115906
"P034",12,926.959707662395
"P034",13,744.569100137527
"P034",14,377.031039569285
"P034",15,1356.6673512244
"P034",16,511.639788186572
"P034",17,547.055649114541
"P034",18,366.035695369095
"P034",19,1535.35285785079
"P034",20,899.032658661692
"P034",21,649.889136159551
"P034",22,683.623413403715
"P034",23,569.294018238036
"P034",24,700.162682242341
"P034",25,574.589136291521
"P034",26,649.600476333357
"P034",27,814.398041868862
"P034",28,1198.45939121685
"P034",29,713.934502125725
"P034",30,843.691602837388
"P034",31,305.41835766538
"P034",32,592.368966909132
"P034",33,403.707242444931
"P034",34,1690.12368672174
"P034",35,606.841927321257
"P034",36,884.6516378721
"P034",37,674.502967390577
"P034",38,608.567705041283
"P034",39,773.915851007105
"P034",40,1436.44409952199
"P034",41,481.304021514807
"P034",42,531.166222982818
"P034",43,429.202369299459
"P034",44,1069.66317578048
"P034",45,464.245263824901
"P034",46,579.817328493102
"P034",47,439.674197263987
"P034",48,474.500653421713
"P034",49,661.93961931952
"P034",50,620.519223363379
"P034",51,1199.12111702139
"P034",52,534.037320385938
"P034",53,969.63972698639
"P034",54,655.588760017596
"P034",55,541.632817946839
"P034",56,470.339191301825
"P034",57,933.868540587105
"P034",58,383.418707647835
"P034",59,442.211202763786
"P034",60,417.039037374811
"P035",1,779.061953824918
"P035",2,359.502368796796
"P035",3,975.976297000279
"P035",4,742.073827595644
"P035",5,672.006379776418
"P035",6,557.157943770564
"P035",7,463.716234632875
"P035",8,604.230531348895
"P035",9,509.710576748313
"P035",10,991.842643323367
"P035",11,867.114304070433
"P035",12,874.646932120146
"P035",13,506.496827521484
"P035",14,1124.72298278278
"P035",15,435.845214494394
"P035",16,1015.92802953466
"P035",17,527.923533714882
"P035",18,903.379110727945
"P035",19,613.198467376461
"P035",20,887.42017456561
"P035",21,551.036737648092
"P035",22,583.385970386482
"P035",23,901.055243366835
"P035",24,890.645823530711
"P035",25,700.283071997771
"P035",26,508.388842333436
"P035",27,478.214975830018
"P035",28,714.887247466635
"P035",29,1006.33768115123
"P035",30,696.384714619108
"P035",31,480.996850268603
"P035",32,433.47510719898
"P035",33,748.871807477721
"P035",34,703.437124041749
"P035",35,538.639213008643
"P035",36,1287.99532692066
"P035",37,307.766013898477
"P035",38,1071.80756724812
"P035",39,450.051674278151
"P035",40,899.980668098231
"P035",41,750.106935021585
"P035",42,492.332895197139
"P035",43,1012.2688056044
"P035",44,814.56900772836
"P035",45,826.77963052408
"P035",46,596.048734318981
"P035",47,596.555692643825
"P035",48,290.891917717212
"P035",49,850.161765349331
"P035",50,576.887992385696
"P035",51,650.854774383185
"P035",52,536.436522224752
"P035",53,388.018154994414
"P035",54,665.592989885797
"P035",55,435.170311805175
"P035",56,1111.13619599987
"P035",57,672.390588313436
"P035",58,1082.16653281451
"P035",59,612.654079624814
"P035",60,507.474341886267
"P036",1,1109.9487644526
"P036",2,387.384118970483
"P036",3,540.14133763611
"P036",4,809.666133062938
"P036",5,678.156434745878
"P036",6,583.062772053132
"P036",7,391.857253170003
"P036",8,589.840969472379
"P036",9,836.323083121931
"P036",10,314.13844228301
"P036",11,408.760103595164
"P036",12,688.503644853263
"P036",13,609.933682194766
"P036",14,481.965056821615
"P036",15,1103.91287119353
"P036",16,565.841149135008
"P036",17,854.869330939616
"P036",18,465.046526530478
"P036",19,471.070809170713
"P036",20,911.077310100419
"P036",21,711.853334518022
"P036",22,609.290435219905
"P036",23,729.430920966008
"P036",24,495.513162073533
"P036",25,675.288795612294
"P036",26,545.372528114313
"P036",27,809.252204180711
"P036",28,409.637384265176
"P036",29,698.818283297609
"P036",30,439.169296164204
"P036",31,464.666315827453
"P036",32,1016.93315895727
"P036",33,524.956868033499
"P036",34,759.933590598575
"P036",35,738.498345415512
"P036",36,650.761887872664
"P036",37,933.505093193248
"P036",38,668.416113540569
"P036",39,431.651323060651
"P036",40,478.410255461581
"P036",41,575.736994567184
"P036",42,808.164324354858
"P036",43,428.747650530775
"P036",44,628.128848175081
"P036",45,760.994043160227
"P036",46,746.933421752923
"P036",47,532.055669682674
"P036",48,723.193147573699
"P036",49,655.552727920161
"P036",50,564.9034795741
"P036",51,226.933470636972
"P036",52,395.881529284638
"P036",53,789.675305623699
"P036",54,1133.30304228757
"P036",55,835.211262250747
"P036",56,1140.29847762108
"P036",57,701.51087915651
"P036",58,857.578102548664
"P036",59,396.739048256926
"P036",60,498.587366827897
"P037",1,870.592598245307
"P037",2,764.846373152516
"P037",3,975.322633348129
"P037",4,421.30140522461
"P037",5,978.658461485419
"P037",6,636.950555447675
"P037",7,807.698979651078
"P037",8,611.222230118247
"P037",9,813.554255564127
"P037",10,893.477321457655
"P037",11,772.348973477386
"P037",12,460.373627664413
"P037",13,644.542682217097
"P037",14,590.519882049247
"P037",15,974.588871299774
"P037",16,616.902705096513
"P037",17,866.986814046003
"P037",18,407.637195120447
"P037",19,457.103638358686
"P037",20,540.643594372888
"P037",21,622.789049291862
"P037",22,544.905065757743
"P037",23,723.110453356151
"P037",24,940.977794293046
"P037",25,710.75150702554
"P037",26,810.558699099433
"P037",27,477.707259763277
"P037",28,390.157004070772
"P037",29,480.495204837059
"P037",30,599.444890435688
"P037",31,666.671427719541
"P037",32,429.364601735356
"P037",33,634.81946435966
"P037",34,623.04885970427
"P037",35,747.126442743068
"P037",36,546.17071072345
"P037",37,455.404730190922
"P037",38,1065.97922159365
"P037",39,852.562242412179
"P037",40,408.314012836324
"P037",41,489.37051496145
"P037",42,434.017545419388
"P037",43,783.03499909148
"P037",44,432.551020110402
"P037",45,454.220423622221
"P037",46,490.040080018072
"P037",47,576.044282647709
"P037",48,618.702850390075
"P037",49,1289.33125848444
"P037",50,380.894313764696
"P037",51,783.688168110671
"P037",52,661.2025404777
"P037",53,860.392188495963
"P037",54,733.323879095624
"P037",55,823.098266895742
"P037",56,658.266111926143
"P037",57,697.444040571484
"P037",58,860.74101337677
"P037",59,626.484765455416
"P037",60,275.149429220559
"P038",1,404.878621856817
"P038",2,427.293573739902
"P038",3,915.643160382225
"P038",4,773.194361065857
"P038",5,373.820020476456
"P038",6,340.411400438796
"P038",7,438.57736056686
"P038",8,838.268013908633
"P038",9,892.734915921898
"P038",10,1493.21817934715
"P038",11,489.247971373362
"P038",12,689.374619103078
"P038",13,863.820906088035
"P038",14,561.545055357496
"P038",15,659.432714953071
"P038",16,1191.86519059186
"P038",17,1060.08851519449
"P038",18,572.945659795298
"P038",19,755.71145692904
"P038",20,412.51708462684
"P038",21,1032.07430871589
"P038",22,495.923562990337
"P038",23,613.576355390317
"P038",24,612.90133006472
"P038",25,967.727210555005
"P038",26,448.359252032296
"P038",27,486.595480888432
"P038",28,398.71075466169
"P038",29,815.256923343652
"P038",30,507.719712386409
"P038",31,742.156472410962
"P038",32,865.366614026904
"P038",33,624.172759489997
"P038",34,625.365104922412
"P038",35,1003.92608299839
"P038",36,1091.50019153798
"P038",37,879.486080488582
"P038",38,667.043205452439
"P038",39,345.855770613647
"P038",40,873.392754716213
"P038",41,478.215920931245
"P038",42,523.518577109872
"P038",43,705.986064575921
"P038",44,463.397360696926
"P038",45,596.889945659192
"P038",46,889.416916137594
"P038",47,432.807174445638
"P038",48,372.391550604989
"P038",49,919.422586136874
"P038",50,557.526614375472
"P038",51,492.924006268272
"P038",52,769.766974167604
"P038",53,869.677300457115
"P038",54,928.39682743091
"P038",55,572.410232105883
"P038",56,1210.16156438606
"P038",57,635.842614993003
"P038",58,980.837364889778
"P038",59,1004.93547987048
"P038",60,713.282401193758
"P039",1,636.81925027517
"P039",2,1064.54869011939
"P039",3,376.738056738364
"P039",4,420.055718805877
"P039",5,566.799398711967
"P039",6,690.024520955462
"P039",7,561.878584656859
"P039",8,612.89044752696
"P039",9,482.928407994309
"P039",10,584.953162190747
"P039",11,970.108281883796
"P039",12,604.750735118535
"P039",13,361.626112307074
"P039",14,580.620573691672
"P039",15,537.327343252351
"P039",16,377.492550476928
"P039",17,481.681728192387
"P039",18,593.398752130805
"P039",19,1117.32207617704
"P039",20,599.855002394075
"P039",21,1115.58378991226
"P039",22,553.594704188194
"P039",23,1117.56256501378
"P039",24,407.469768935217
"P039",25,875.255797389618
"P039",26,450.180582308706
"P039",27,913.569182619922
"P039",28,710.339212233397
"P039",29,1434.73511550073
"P039",30,787.116756420873
"P039",31,954.315349012027
"P039",32,473.092015354159
"P039",33,1092.74292960761
"P039",34,883.883446470522
"P039",35,769.88976141198
"P039",36,674.551114392551
"P039",37,476.795693024675
"P039",38,587.090373102829
"P039",39,1110.12121488267
"P039",40,552.987613206125
"P039",41,599.626408349302
"P039",42,605.070091285457
"P039",43,558.536482665224
"P039",44,434.160568475764
"P039",45,755.185522357525
"P039",46,653.639883719004
"P039",47,403.100382678275
"P039",48,665.850316507902
"P039",49,463.123101247209
"P039",50,1005.11038743428
"P039",51,315.824576995775
"P039",52,473.455346489778
"P039",53,751.599623087989
"P039",54,607.901659083346
"P039",55,705.958612766714
"P039",56,668.728561187853
"P039",57,656.296871265024
"P039",58,1036.72235729482
"P039",59,939.175687811313
"P039",60,806.7518022972
"P040",1,671.470719918994
"P040",2,512.136708974723
"P040",3,731.947285562297
"P040",4,644.511516983884
"P040",5,978.591606999791
"P040",6,527.582970735996
"P040",7,937.912510768488
"P040",8,628.584461073126
"P040",9,721.556381643289
"P040",10,878.124184154554
"P040",11,413.792203647435
"P040",12,652.498639740963
"P040",13,1229.9064705714
"P040",14,539.566813655684
"P040",15,514.582959060281
"P040",16,1196.79319076441
"P040",17,723.707875974866
"P040",18,289.231795183784
"P040",19,453.103915032983
"P040",20,564.872617725821
"P040",21,971.688464706213
"P040",22,381.513020384606
"P040",23,1006.92126317231
"P040",24,667.633116641
"P040",25,585.841401007722
"P040",26,522.679087283841
"P040",27,724.764847526066
"P040",28,667.930365531996
"P040",29,665.646570622683
"P040",30,299.180909551611
"P040",31,893.674990060162
"P040",32,621.916639973356
"P040",33,900.051402397038
"P040",34,1069.05652030326
"P040",35,626.705240645418
"P040",36,369.658114405824
"P040",37,575.212507265369
"P040",38,432.63007061802
"P040",39,1007.70436238774
"P040",40,621.552645694191
"P040",41,707.871215224237
"P040",42,343.574405242143
"P040",43,523.021570971494
"P040",44,506.86243700705
"P040",45,589.094145973231
"P040",46,561.778045079249
"P040",47,954.346636517475
"P040",48,520.820775695407
"P040",49,584.998737976672
"P040",50,463.989623493475
"P040",51,694.288870655529
"P040",52,463.628648664498
"P040",53,1467.96483406935
"P040",54,720.813645409561
"P040",55,679.127673078335
"P040",56,753.282948971991
"P040",57,444.77104104323
"P040",58,332.387373081281
"P040",59,1267.48959838355
"P040",60,921.820555444039
"P041",1,310.731561678698
"P041",2,1042.17800292787
"P041",3,1102.08002352244
"P041",4,590.161691453232
"P041",5,659.858123318486
"P041",6,438.188542027498
"P041",7,979.319922512119
"P041",8,566.187274913583
"P041",9,548.893188735652
"P041",10,350.765430025059
"P041",11,458.816316895735
"P041",12,353.816500886316
"P041",13,465.018768735891
"P041",14,304.937019454014
"P041",15,597.512045105937
"P041",16,794.845257609035
"P041",17,1237.08107164214
"P041",18,439.284590851545
"P041",19,624.834079065371
"P041",20,561.328085947591
"P041",21,564.760815884922
"P041",22,493.495292407416
"P041",23,1317.56374637032
"P041",24,572.916117048951
"P041",25,1016.21615855705
"P041",26,526.539982991061
"P041",27,781.737958055777
"P041",28,744.074335576448
"P041",29,511.966590948428
"P041",30,382.667363582829
"P041",31,331.314317369519
"P041",32,384.377001506314
"P041",33,840.305944325103
"P041",34,921.224354418163
"P041",35,696.70184779889
"P041",36,545.701271657723
"P041",37,667.661943597416
"P041",38,496.315836842931
"P041",39,656.696645292758
"P041",40,587.475510146137
"P041",41,475.620799077392
"P041",42,755.588141214881
"P041",43,627.040298622094
"P041",44,734.825121570171
"P041",45,597.137126549449
"P041",46,731.466739728161
"P041",47,580.26946580185
"P041",48,872.846867646813
"P041",49,647.521149172856
"P041",50,582.040961636574
"P041",51,403.315139744091
"P041",52,522.634309651285
"P041",53,574.042549171617
"P041",54,492.464016654841
"P041",55,711.779539792629
"P041",56,718.515582749755
"P041",57,780.200488009828
"P041",58,639.143747903387
"P041",59,809.126835943158
"P041",60,698.492677059797
"P042",1,529.378766552678
"P042",2,650.678532245715
"P042",3,546.759158269661
"P042",4,973.63850538126
"P042",5,916.819037189654
"P042",6,536.379114194264
"P042",7,618.008858875399
"P042",8,948.227413362161
"P042",9,500.890556583502
"P042",10,473.298652070804
"P042",11,244.901944974402
"P042",12,390.919974882823
"P042",13,459.47625636049
"P042",14,521.398266539025
"P042",15,898.964074299322
"P042",16,794.316617681836
"P042",17,822.07463133636
"P042",18,753.989487505538
"P042",19,488.562700616284
"P042",20,992.492396138199
"P042",21,838.046634593401
"P042",22,725.210264620345
"P042",23,710.918568403308
"P042",24,525.637796850653
"P042",25,795.590066910505
"P042",26,1141.29682717633
"P042",27,537.767187925442
"P042",28,874.319493393387
"P042",29,481.097664918789
"P042",30,521.938313585785
"P042",31,416.068063812503
"P042",32,511.183744036824
"P042",33,985.007219126156
"P042",34,1203.89312083282
"P042",35,456.075402763073
"P042",36,492.581302862187
"P042",37,470.756415866527
"P042",38,562.648881587005
"P042",39,427.628630479663
"P042",40,392.585924767744
"P042",41,882.38541151585
"P042",42,669.312835662241
"P042",43,545.24748204178
"P042",44,848.671322486472
"P042",45,777.917560595704
"P042",46,1261.93740839895
"P042",47,800.874301349889
"P042",48,621.533055072283
"P042",49,611.536496661098
"P042",50,1527.93920945443
"P042",51,772.03675213685
"P042",52,965.294896648079
"P042",53,862.684130266232
"P042",54,893.106792487348
"P042",55,359.954342759304
"P042",56,888.476685007525
"P042",57,695.402669114094
"P042",58,655.183157057091
"P042",59,632.477488970471
"P042",60,728.956413593232
"P043",1,1117.84280050281
"P043",2,848.386485440599
"P043",3,469.982474483739
"P043",4,456.102126882172
"P043",5,895.49937224026
"P043",6,614.454349245903
"P043",7,717.544269926729
"P043",8,567.901727527352
"P043",9,1116.90173334075
"P043",10,656.60731927794
"P043",11,774.339405899023
"P043",12,458.598147308507
"P043",13,594.734596205395
"P043",14,735.694094286462
"P043",15,716.901932865404
"P043",16,975.426055450414
"P043",17,748.068501842661
"P043",18,875.150532905917
"P043",19,436.61558193057
"P043",20,699.911389123198
"P043",21,718.601139001094
"P043",22,633.517646314844
"P043",23,481.152718877553
"P043",24,509.406656325184
"P043",25,663.903568525509
"P043",26,804.614996002262
"P043",27,457.055623438836
"P043",28,1011.03128233914
"P043",29,793.920164734822
"P043",30,723.229680858267
"P043",31,400.916923534458
"P043",32,404.22474575249
"P043",33,742.58712246457
"P043",34,567.572080992788
"P043",35,1045.64017231264
"P043",36,668.923836777922
"P043",37,1225.27204620435
"P043",38,595.028179009896
"P043",39,486.594232203438
"P043",40,576.302131575328
"P043",41,646.194168878949
"P043",42,586.503116518993
"P043",43,655.25196805317
"P043",44,740.769072309712
"P043",45,725.396922200021
"P043",46,1077.06306721706
"P043",47,743.378620197399
"P043",48,388.580934153348
"P043",49,338.149645891925
"P043",50,1947.0540213588
"P043",51,493.83524303848
"P043",52,1401.12864628391
"P043",53,1292.43018617597
"P043",54,545.871536778891
"P043",55,789.539609423917
"P043",56,583.903530389976
"P043",57,764.335652489415
"P043",58,580.864947642329
"P043",59,613.81929152419
"P043",60,695.944408736034
"P044",1,831.057680069465
"P044",2,938.059030605078
"P044",3,780.37956348893
"P044",4,1196.82866234067
"P044",5,372.533910790987
"P044",6,470.158266395685
"P044",7,782.969509694414
"P044",8,1014.7148338656
"P044",9,1496.669614664
"P044",10,651.639909329256
"P044",11,878.650931652763
"P044",12,240.663492029096
"P044",13,758.984742310507
"P044",14,684.311507546367
"P044",15,488.578362507669
"P044",16,904.937554173235
"P044",17,544.294425768001
"P044",18,482.430167742662
"P044",19,906.433754352159
"P044",20,463.810057735781
"P044",21,482.042663508961
"P044",22,881.865318506935
"P044",23,586.600936399889
"P044",24,1035.92084241396
"P044",25,828.716282932914
"P044",26,658.526220654726
"P044",27,850.606947400524
"P044",28,608.106414603658
"P044",29,1024.30929036799
"P044",30,1072.31641377607
"P044",31,956.451601177089
"P044",32,369.194768254314
"P044",33,483.494793400652
"P044",34,537.602210832943
"P044",35,966.535000808877
"P044",36,458.656994552784
"P044",37,644.924886128718
"P044",38,382.115345842088
"P044",39,498.991607283812
"P044",40,729.441767543043
"P044",41,615.187789928824
"P044",42,422.543188521957
"P044",43,591.622538024967
"P044",44,525.523216195734
"P044",45,424.299482816116
"P044",46,400.622518181126
"P044",47,835.487136327284
"P044",48,586.097125548988
"P044",49,757.421218894857
"P044",50,970.43755251982
"P044",51,960.025391238105
"P044",52,520.250821367555
"P044",53,657.676212011364
"P044",54,586.328427699573
"P044",55,1474.14267021529
"P044",56,569.090870233786
"P044",57,574.157395670465
"P044",58,356.051795728646
"P044",59,528.030715229396
"P044",60,824.036827947675
"P045",1,853.516125334731
"P045",2,342.044409121407
"P045",3,569.504178607889
"P045",4,763.3518996577
"P045",5,581.729227118869
"P045",6,1079.93864321381
"P045",7,757.926832739264
"P045",8,496.6613654595
"P045",9,724.412147763241
"P045",10,478.32377702974
"P045",11,647.592070901474
"P045",12,591.234852872042
"P045",13,697.871448790463
"P045",14,862.390838483344
"P045",15,546.829157639333
"P045",16,708.887371397198
"P045",17,765.298447856878
"P045",18,415.441896394016
"P045",19,783.805175644635
"P045",20,650.18405503085
"P045",21,882.50290503346
"P045",22,439.0237754933
"P045",23,825.174591253302
"P045",24,682.232965189059
"P045",25,721.237286153656
"P045",26,678.679041746942
"P045",27,665.221160788088
"P045",28,777.481341182947
"P045",29,525.742326627265
"P045",30,673.707794602179
"P045",31,949.871403471225
"P045",32,321.192235533461
"P045",33,595.685365764341
"P045",34,697.40599544833
"P045",35,534.145332875341
"P045",36,603.3964558753
"P045",37,751.54927965803
"P045",38,1250.37291588124
"P045",39,927.851638118216
"P045",40,1034.02472720785
"P045",41,939.575413072314
"P045",42,784.566942635385
"P045",43,189.248302808358
"P045",44,531.819254992901
"P045",45,1400.86511424095
"P045",46,711.208805195294
"P045",47,667.372333271087
"P045",48,905.255053575766
"P045",49,410.298663401662
"P045",50,417.129237823626
"P045",51,890.965481847631
"P045",52,503.140982412486
"P045",53,389.483575374102
"P045",54,448.316858903189
"P045",55,528.439762413653
"P045",56,674.579481983831
"P045",57,1455.73108103142
"P045",58,505.113977751881
"P045",59,732.651436283534
"P045",60,453.698600552719
