neuron_id,trial,spike_count
N01,1,8
N01,2,6
N01,3,10
N01,4,6
N01,5,2
N01,6,10
N01,7,11
N01,8,7
N01,9,7
N01,10,9
N01,11,7
N01,12,5
N01,13,8
N01,14,10
N01,15,8
N01,16,13
N01,17,6
N01,18,8
N01,19,8
N01,20,7
N01,21,3
N01,22,10
N01,23,7
N01,24,12
N01,25,5
N01,26,9
N01,27,7
N01,28,10
N01,29,7
N01,30,10
N01,31,6
N01,32,9
N01,33,8
N01,34,5
N01,35,6
N01,36,8
N01,37,4
N01,38,9
N01,39,13
N01,40,5
N02,1,8
N02,2,7
N02,3,7
N02,4,8
N02,5,6
N02,6,11
N02,7,10
N02,8,10
N02,9,7
N02,10,11
N02,11,12
N02,12,5
N02,13,13
N02,14,5
N02,15,6
N02,16,5
N02,17,6
N02,18,14
N02,19,12
N02,20,5
N02,21,6
N02,22,8
N02,23,9
N02,24,10
N02,25,7
N02,26,7
N02,27,9
N02,28,10
N02,29,11
N02,30,9
N02,31,8
N02,32,13
N02,33,10
N02,34,5
N02,35,8
N02,36,11
N02,37,12
N02,38,6
N02,39,7
N02,40,16
N03,1,7
N03,2,8
N03,3,5
N03,4,6
N03,5,6
N03,6,10
N03,7,7
N03,8,7
N03,9,11
N03,10,9
N03,11,3
N03,12,6
N03,13,12
N03,14,5
N03,15,5
N03,16,6
N03,17,9
N03,18,12
N03,19,8
N03,20,7
N03,21,8
N03,22,8
N03,23,6
N03,24,8
N03,25,8
N03,26,5
N03,27,7
N03,28,4
N03,29,8
N03,30,7
N03,31,9
N03,32,7
N03,33,6
N03,34,0
N03,35,6
N03,36,8
N03,37,5
N03,38,13
N03,39,4
N03,40,7
N04,1,9
N04,2,6
N04,3,11
N04,4,5
N04,5,9
N04,6,5
N04,7,14
N04,8,9
N04,9,14
N04,10,12
N04,11,9
N04,12,10
N04,13,11
N04,14,5
N04,15,5
N04,16,12
N04,17,10
N04,18,8
N04,19,7
N04,20,4
N04,21,5
N04,22,9
N04,23,9
N04,24,6
N04,25,7
N04,26,10
N04,27,6
N04,28,6
N04,29,6
N04,30,8
N04,31,11
N04,32,8
N04,33,10
N04,34,7
N04,35,9
N04,36,7
N04,37,9
N04,38,13
N04,39,10
N04,40,4
N05,1,7
N05,2,6
N05,3,7
N05,4,4
N05,5,7
N05,6,7
N05,7,9
N05,8,7
N05,9,8
N05,10,7
N05,11,9
N05,12,7
N05,13,5
N05,14,6
N05,15,5
N05,16,7
N05,17,11
N05,18,3
N05,19,9
N05,20,8
N05,21,8
N05,22,13
N05,23,10
N05,24,14
N05,25,7
N05,26,10
N05,27,8
N05,28,9
N05,29,6
N05,30,5
N05,31,2
N05,32,14
N05,33,9
N05,34,7
N05,35,7
N05,36,10
N05,37,5
N05,38,10
N05,39,5
N05,40,9
N06,1,6
N06,2,10
N06,3,11
N06,4,6
N06,5,9
N06,6,10
N06,7,11
N06,8,9
N06,9,4
N06,10,7
N06,11,13
N06,12,17
N06,13,9
N06,14,8
N06,15,6
N06,16,12
N06,17,5
N06,18,3
N06,19,6
N06,20,14
N06,21,8
N06,22,9
N06,23,11
N06,24,10
N06,25,7
N06,26,8
N06,27,9
N06,28,16
N06,29,10
N06,30,6
N06,31,7
N06,32,4
N06,33,5
N06,34,10
N06,35,7
N06,36,6
N06,37,12
N06,38,5
N06,39,9
N06,40,12
N07,1,8
N07,2,10
N07,3,10
N07,4,8
N07,5,10
N07,6,7
N07,7,9
N07,8,8
N07,9,9
N07,10,9
N07,11,6
N07,12,1
N07,13,6
N07,14,9
N07,15,3
N07,16,10
N07,17,8
N07,18,7
N07,19,9
N07,20,8
N07,21,10
N07,22,5
N07,23,3
N07,24,10
N07,25,8
N07,26,11
N07,27,5
N07,28,6
N07,29,5
N07,30,10
N07,31,11
N07,32,13
N07,33,6
N07,34,5
N07,35,5
N07,36,5
N07,37,7
N07,38,9
N07,39,3
N07,40,7
N08,1,10
N08,2,9
N08,3,11
N08,4,8
N08,5,9
N08,6,11
N08,7,9
N08,8,6
N08,9,11
N08,10,9
N08,11,9
N08,12,6
N08,13,8
N08,14,8
N08,15,8
N08,16,9
N08,17,9
N08,18,8
N08,19,5
N08,20,11
N08,21,16
N08,22,3
N08,23,9
N08,24,11
N08,25,5
N08,26,13
N08,27,6
N08,28,7
N08,29,7
N08,30,9
N08,31,10
N08,32,5
N08,33,8
N08,34,6
N08,35,11
N08,36,7
N08,37,6
N08,38,11
N08,39,3
N08,40,10
N09,1,11
N09,2,8
N09,3,6
N09,4,8
N09,5,6
N09,6,6
N09,7,14
N09,8,6
N09,9,8
N09,10,8
N09,11,7
N09,12,9
N09,13,14
N09,14,9
N09,15,8
N09,16,12
N09,17,7
N09,18,6
N09,19,6
N09,20,4
N09,21,8
N09,22,5
N09,23,12
N09,24,9
N09,25,8
N09,26,7
N09,27,4
N09,28,9
N09,29,7
N09,30,7
N09,31,2
N09,32,10
N09,33,8
N09,34,4
N09,35,4
N09,36,5
N09,37,7
N09,38,4
N09,39,8
N09,40,10
N10,1,6
N10,2,5
N10,3,10
N10,4,12
N10,5,5
N10,6,14
N10,7,7
N10,8,5
N10,9,9
N10,10,10
N10,11,6
N10,12,12
N10,13,9
N10,14,10
N10,15,9
N10,16,10
N10,17,8
N10,18,3
N10,19,10
N10,20,10
N10,21,3
N10,22,9
N10,23,9
N10,24,11
N10,25,10
N10,26,11
N10,27,11
N10,28,5
N10,29,7
N10,30,7
N10,31,6
N10,32,7
N10,33,2
N10,34,7
N10,35,12
N10,36,10
N10,37,2
N10,38,5
N10,39,9
N10,40,4
N11,1,5
N11,2,7
N11,3,8
N11,4,7
N11,5,9
N11,6,4
N11,7,6
N11,8,7
N11,9,6
N11,10,10
N11,11,9
N11,12,1
N11,13,8
N11,14,8
N11,15,4
N11,16,5
N11,17,4
N11,18,8
N11,19,5
N11,20,12
N11,21,7
N11,22,10
N11,23,12
N11,24,9
N11,25,4
N11,26,5
N11,27,10
N11,28,5
N11,29,8
N11,30,7
N11,31,2
N11,32,6
N11,33,10
N11,34,11
N11,35,7
N11,36,7
N11,37,4
N11,38,4
N11,39,8
N11,40,9
N12,1,6
N12,2,7
N12,3,7
N12,4,12
N12,5,11
N12,6,10
N12,7,9
N12,8,11
N12,9,11
N12,10,8
N12,11,9
N12,12,5
N12,13,10
N12,14,5
N12,15,6
N12,16,6
N12,17,12
N12,18,11
N12,19,6
N12,20,7
N12,21,5
N12,22,4
N12,23,10
N12,24,7
N12,25,6
N12,26,10
N12,27,10
N12,28,9
N12,29,5
N12,30,6
N12,31,4
N12,32,10
N12,33,3
N12,34,11
N12,35,11
N12,36,10
N12,37,13
N12,38,10
N12,39,7
N12,40,7
N13,1,10
N13,2,11
N13,3,7
N13,4,7
N13,5,15
N13,6,8
N13,7,8
N13,8,5
N13,9,6
N13,10,8
N13,11,10
N13,12,8
N13,13,10
N13,14,9
N13,15,8
N13,16,10
N13,17,5
N13,18,8
N13,19,5
N13,20,8
N13,21,7
N13,22,10
N13,23,11
N13,24,4
N13,25,12
N13,26,10
N13,27,5
N13,28,6
N13,29,13
N13,30,9
N13,31,13
N13,32,10
N13,33,11
N13,34,11
N13,35,5
N13,36,6
N13,37,3
N13,38,11
N13,39,8
N13,40,14
N14,1,10
N14,2,7
N14,3,7
N14,4,3
N14,5,7
N14,6,7
N14,7,11
N14,8,9
N14,9,5
N14,10,10
N14,11,8
N14,12,8
N14,13,5
N14,14,8
N14,15,4
N14,16,9
N14,17,8
N14,18,7
N14,19,8
N14,20,4
N14,21,9
N14,22,5
N14,23,12
N14,24,6
N14,25,11
N14,26,9
N14,27,7
N14,28,11
N14,29,5
N14,30,6
N14,31,9
N14,32,7
N14,33,10
N14,34,8
N14,35,6
N14,36,10
N14,37,8
N14,38,6
N14,39,11
N14,40,5
N15,1,11
N15,2,12
N15,3,5
N15,4,8
N15,5,10
N15,6,9
N15,7,8
N15,8,9
N15,9,8
N15,10,9
N15,11,10
N15,12,12
N15,13,5
N15,14,5
N15,15,5
N15,16,5
N15,17,12
N15,18,5
N15,19,5
N15,20,4
N15,21,7
N15,22,8
N15,23,11
N15,24,7
N15,25,5
N15,26,14
N15,27,7
N15,28,10
N15,29,7
N15,30,9
N15,31,11
N15,32,11
N15,33,13
N15,34,12
N15,35,7
N15,36,10
N15,37,5
N15,38,17
N15,39,2
N15,40,7
N16,1,7
N16,2,9
N16,3,8
N16,4,9
N16,5,8
N16,6,9
N16,7,9
N16,8,8
N16,9,5
N16,10,8
N16,11,5
N16,12,4
N16,13,11
N16,14,8
N16,15,12
N16,16,9
N16,17,10
N16,18,9
N16,19,13
N16,20,5
N16,21,14
N16,22,4
N16,23,7
N16,24,10
N16,25,10
N16,26,10
N16,27,8
N16,28,11
N16,29,7
N16,30,7
N16,31,8
N16,32,6
N16,33,7
N16,34,11
N16,35,10
N16,36,10
N16,37,7
N16,38,6
N16,39,3
N16,40,12
N17,1,9
N17,2,5
N17,3,7
N17,4,10
N17,5,5
N17,6,7
N17,7,9
N17,8,8
N17,9,16
N17,10,5
N17,11,5
N17,12,7
N17,13,3
N17,14,9
N17,15,5
N17,16,6
N17,17,6
N17,18,6
N17,19,4
N17,20,11
N17,21,8
N17,22,7
N17,23,13
N17,24,10
N17,25,9
N17,26,6
N17,27,11
N17,28,3
N17,29,8
N17,30,10
N17,31,5
N17,32,8
N17,33,5
N17,34,6
N17,35,17
N17,36,9
N17,37,7
N17,38,10
N17,39,5
N17,40,10
N18,1,5
N18,2,9
N18,3,10
N18,4,6
N18,5,4
N18,6,5
N18,7,8
N18,8,10
N18,9,5
N18,10,7
N18,11,6
N18,12,12
N18,13,7
N18,14,7
N18,15,8
N18,16,6
N18,17,4
N18,18,9
N18,19,5
N18,20,7
N18,21,5
N18,22,3
N18,23,7
N18,24,9
N18,25,10
N18,26,10
N18,27,9
N18,28,10
N18,29,8
N18,30,13
N18,31,9
N18,32,14
N18,33,4
N18,34,7
N18,35,5
N18,36,8
N18,37,8
N18,38,11
N18,39,6
N18,40,6
N19,1,9
N19,2,9
N19,3,8
N19,4,8
N19,5,8
N19,6,4
N19,7,5
N19,8,9
N19,9,7
N19,10,11
N19,11,11
N19,12,6
N19,13,8
N19,14,10
N19,15,6
N19,16,3
N19,17,5
N19,18,4
N19,19,8
N19,20,7
N19,21,6
N19,22,7
N19,23,7
N19,24,4
N19,25,7
N19,26,2
N19,27,5
N19,28,8
N19,29,11
N19,30,9
N19,31,9
N19,32,3
N19,33,10
N19,34,5
N19,35,8
N19,36,8
N19,37,7
N19,38,12
N19,39,11
N19,40,8
N20,1,5
N20,2,7
N20,3,9
N20,4,8
N20,5,8
N20,6,11
N20,7,7
N20,8,7
N20,9,11
N20,10,7
N20,11,7
N20,12,6
N20,13,14
N20,14,7
N20,15,6
N20,16,6
N20,17,9
N20,18,9
N20,19,11
N20,20,9
N20,21,6
N20,22,12
N20,23,11
N20,24,4
N20,25,7
N20,26,9
N20,27,7
N20,28,8
N20,29,11
N20,30,11
N20,31,9
N20,32,8
N20,33,11
N20,34,9
N20,35,12
N20,36,11
N20,37,8
N20,38,10
N20,39,4
N20,40,6
N21,1,9
N21,2,6
N21,3,10
N21,4,7
N21,5,8
N21,6,6
N21,7,10
N21,8,3
N21,9,7
N21,10,8
N21,11,9
N21,12,10
N21,13,13
N21,14,6
N21,15,10
N21,16,6
N21,17,9
N21,18,10
N21,19,5
N21,20,8
N21,21,10
N21,22,11
N21,23,7
N21,24,8
N21,25,7
N21,26,6
N21,27,9
N21,28,8
N21,29,10
N21,30,8
N21,31,9
N21,32,12
N21,33,4
N21,34,9
N21,35,13
N21,36,5
N21,37,8
N21,38,16
N21,39,5
N21,40,11
N22,1,11
N22,2,6
N22,3,3
N22,4,8
N22,5,3
N22,6,10
N22,7,12
N22,8,9
N22,9,6
N22,10,3
N22,11,7
N22,12,5
N22,13,9
N22,14,7
N22,15,9
N22,16,9
N22,17,15
N22,18,8
N22,19,5
N22,20,6
N22,21,7
N22,22,8
N22,23,7
N22,24,7
N22,25,10
N22,26,15
N22,27,5
N22,28,5
N22,29,13
N22,30,9
N22,31,7
N22,32,8
N22,33,5
N22,34,7
N22,35,5
N22,36,2
N22,37,7
N22,38,11
N22,39,6
N22,40,10
N23,1,9
N23,2,7
N23,3,10
N23,4,8
N23,5,9
N23,6,9
N23,7,9
N23,8,5
N23,9,9
N23,10,5
N23,11,6
N23,12,11
N23,13,7
N23,14,7
N23,15,5
N23,16,14
N23,17,11
N23,18,16
N23,19,7
N23,20,3
N23,21,13
N23,22,6
N23,23,8
N23,24,9
N23,25,14
N23,26,9
N23,27,9
N23,28,3
N23,29,4
N23,30,8
N23,31,9
N23,32,4
N23,33,5
N23,34,12
N23,35,5
N23,36,6
N23,37,12
N23,38,3
N23,39,12
N23,40,6
N24,1,6
N24,2,9
N24,3,9
N24,4,9
N24,5,6
N24,6,10
N24,7,4
N24,8,7
N24,9,6
N24,10,11
N24,11,10
N24,12,16
N24,13,6
N24,14,6
N24,15,8
N24,16,12
N24,17,10
N24,18,7
N24,19,10
N24,20,9
N24,21,9
N24,22,8
N24,23,4
N24,24,11
N24,25,8
N24,26,8
N24,27,8
N24,28,6
N24,29,5
N24,30,12
N24,31,13
N24,32,7
N24,33,7
N24,34,7
N24,35,5
N24,36,7
N24,37,11
N24,38,9
N24,39,7
N24,40,8
N25,1,7
N25,2,8
N25,3,9
N25,4,4
N25,5,11
N25,6,10
N25,7,13
N25,8,3
N25,9,3
N25,10,10
N25,11,8
N25,12,6
N25,13,4
N25,14,9
N25,15,8
N25,16,9
N25,17,6
N25,18,3
N25,19,10
N25,20,9
N25,21,8
N25,22,4
N25,23,8
N25,24,12
N25,25,9
N25,26,11
N25,27,9
N25,28,10
N25,29,9
N25,30,5
N25,31,7
N25,32,6
N25,33,8
N25,34,12
N25,35,8
N25,36,7
N25,37,9
N25,38,8
N25,39,6
N25,40,10
N26,1,5
N26,2,8
N26,3,9
N26,4,12
N26,5,5
N26,6,12
N26,7,7
N26,8,10
N26,9,6
N26,10,8
N26,11,6
N26,12,10
N26,13,10
N26,14,6
N26,15,15
N26,16,11
N26,17,6
N26,18,10
N26,19,10
N26,20,4
N26,21,5
N26,22,7
N26,23,6
N26,24,6
N26,25,8
N26,26,6
N26,27,8
N26,28,8
N26,29,6
N26,30,7
N26,31,6
N26,32,9
N26,33,4
N26,34,8
N26,35,5
N26,36,9
N26,37,10
N26,38,13
N26,39,13
N26,40,7
N27,1,9
N27,2,9
N27,3,8
N27,4,8
N27,5,5
N27,6,9
N27,7,10
N27,8,10
N27,9,7
N27,10,7
N27,11,5
N27,12,15
N27,13,8
N27,14,5
N27,15,13
N27,16,7
N27,17,6
N27,18,8
N27,19,11
N27,20,13
N27,21,9
N27,22,5
N27,23,7
N27,24,7
N27,25,5
N27,26,7
N27,27,11
N27,28,11
N27,29,8
N27,30,2
N27,31,2
N27,32,15
N27,33,18
N27,34,8
N27,35,7
N27,36,6
N27,37,8
N27,38,11
N27,39,3
N27,40,7
N28,1,5
N28,2,4
N28,3,6
N28,4,5
N28,5,10
N28,6,12
N28,7,6
N28,8,10
N28,9,7
N28,10,6
N28,11,8
N28,12,10
N28,13,11
N28,14,7
N28,15,11
N28,16,10
N28,17,7
N28,18,7
N28,19,10
N28,20,5
N28,21,9
N28,22,6
N28,23,9
N28,24,10
N28,25,12
N28,26,7
N28,27,9
N28,28,10
N28,29,5
N28,30,12
N28,31,10
N28,32,6
N28,33,8
N28,34,3
N28,35,6
N28,36,10
N28,37,8
N28,38,8
N28,39,12
N28,40,2
N29,1,4
N29,2,2
N29,3,8
N29,4,9
N29,5,6
N29,6,8
N29,7,6
N29,8,7
N29,9,4
N29,10,6
N29,11,8
N29,12,4
N29,13,7
N29,14,9
N29,15,8
N29,16,5
N29,17,9
N29,18,10
N29,19,7
N29,20,7
N29,21,3
N29,22,6
N29,23,5
N29,24,8
N29,25,8
N29,26,11
N29,27,8
N29,28,9
N29,29,5
N29,30,7
N29,31,5
N29,32,9
N29,33,6
N29,34,9
N29,35,7
N29,36,10
N29,37,5
N29,38,6
N29,39,7
N29,40,3
N30,1,10
N30,2,12
N30,3,8
N30,4,4
N30,5,8
N30,6,10
N30,7,11
N30,8,6
N30,9,12
N30,10,6
N30,11,9
N30,12,7
N30,13,8
N30,14,13
N30,15,9
N30,16,4
N30,17,6
N30,18,6
N30,19,10
N30,20,4
N30,21,3
N30,22,8
N30,23,6
N30,24,6
N30,25,4
N30,26,10
N30,27,7
N30,28,13
N30,29,11
N30,30,5
N30,31,8
N30,32,7
N30,33,8
N30,34,7
N30,35,8
N30,36,8
N30,37,7
N30,38,14
N30,39,9
N30,40,3
