intensity,trial,detected
1,1,0
1,2,0
1,3,0
1,4,0
1,5,0
1,6,0
1,7,0
1,8,0
1,9,0
1,10,0
1,11,0
1,12,0
1,13,0
1,14,0
1,15,0
1,16,0
1,17,0
1,18,0
1,19,0
1,20,0
1,21,0
1,22,0
1,23,0
1,24,0
1,25,0
1,26,0
1,27,0
1,28,0
1,29,0
1,30,0
1,31,0
1,32,0
1,33,0
1,34,0
1,35,0
1,36,0
1,37,0
1,38,0
1,39,0
1,40,0
2,1,0
2,2,0
2,3,0
2,4,0
2,5,0
2,6,0
2,7,0
2,8,0
2,9,0
2,10,0
2,11,0
2,12,0
2,13,0
2,14,0
2,15,0
2,16,0
2,17,0
2,18,0
2,19,0
2,20,0
2,21,0
2,22,0
2,23,0
2,24,0
2,25,0
2,26,0
2,27,0
2,28,0
2,29,0
2,30,0
2,31,0
2,32,0
2,33,0
2,34,0
2,35,0
2,36,1
2,37,0
2,38,0
2,39,0
2,40,0
3,1,0
3,2,0
3,3,0
3,4,0
3,5,1
3,6,0
3,7,0
3,8,0
3,9,0
3,10,0
3,11,0
3,12,0
3,13,0
3,14,0
3,15,1
3,16,0
3,17,0
3,18,0
3,19,0
3,20,0
3,21,0
3,22,0
3,23,0
3,24,0
3,25,0
3,26,0
3,27,0
3,28,1
3,29,0
3,30,0
3,31,0
3,32,0
3,33,0
3,34,0
3,35,0
3,36,0
3,37,0
3,38,0
3,39,0
3,40,0
4,1,0
4,2,0
4,3,1
4,4,1
4,5,0
4,6,0
4,7,1
4,8,0
4,9,0
4,10,0
4,11,1
4,12,0
4,13,0
4,14,1
4,15,0
4,16,0
4,17,0
4,18,0
4,19,1
4,20,0
4,21,0
4,22,0
4,23,0
4,24,0
4,25,0
4,26,0
4,27,0
4,28,0
4,29,0
4,30,0
4,31,0
4,32,0
4,33,0
4,34,1
4,35,0
4,36,0
4,37,0
4,38,0
4,39,0
4,40,0
5,1,0
5,2,1
5,3,0
5,4,1
5,5,1
5,6,0
5,7,0
5,8,0
5,9,0
5,10,0
5,11,0
5,12,1
5,13,1
5,14,1
5,15,1
5,16,1
5,17,0
5,18,0
5,19,0
5,20,0
5,21,0
5,22,1
5,23,1
5,24,1
5,25,1
5,26,0
5,27,1
5,28,1
5,29,1
5,30,0
5,31,0
5,32,0
5,33,1
5,34,1
5,35,0
5,36,0
5,37,1
5,38,1
5,39,0
5,40,0
6,1,1
6,2,0
6,3,1
6,4,1
6,5,1
6,6,1
6,7,1
6,8,1
6,9,0
6,10,0
6,11,1
6,12,1
6,13,1
6,14,1
6,15,0
6,16,1
6,17,1
6,18,1
6,19,1
6,20,1
6,21,1
6,22,1
6,23,1
6,24,1
6,25,1
6,26,1
6,27,1
6,28,1
6,29,1
6,30,0
6,31,1
6,32,1
6,33,1
6,34,0
6,35,0
6,36,1
6,37,1
6,38,1
6,39,1
6,40,1
7,1,1
7,2,1
7,3,1
7,4,1
7,5,1
7,6,0
7,7,1
7,8,1
7,9,1
7,10,1
7,11,1
7,12,1
7,13,1
7,14,1
7,15,1
7,16,0
7,17,1
7,18,1
7,19,1
7,20,1
7,21,1
7,22,1
7,23,1
7,24,1
7,25,1
7,26,1
7,27,1
7,28,1
7,29,1
7,30,1
7,31,1
7,32,1
7,33,1
7,34,1
7,35,1
7,36,1
7,37,1
7,38,1
7,39,1
7,40,1
8,1,1
8,2,1
8,3,1
8,4,1
8,5,1
8,6,1
8,7,1
8,8,1
8,9,1
8,10,1
8,11,1
8,12,1
8,13,1
8,14,1
8,15,1
8,16,1
8,17,1
8,18,1
8,19,1
8,20,1
8,21,1
8,22,1
8,23,1
8,24,1
8,25,1
8,26,1
8,27,1
8,28,1
8,29,1
8,30,1
8,31,1
8,32,1
8,33,1
8,34,1
8,35,1
8,36,1
8,37,1
8,38,1
8,39,1
8,40,1
9,1,1
9,2,1
9,3,1
9,4,1
9,5,1
9,6,1
9,7,1
9,8,1
9,9,1
9,10,1
9,11,1
9,12,1
9,13,1
9,14,1
9,15,1
9,16,1
9,17,1
9,18,1
9,19,1
9,20,1
9,21,1
9,22,1
9,23,1
9,24,1
9,25,1
9,26,1
9,27,1
9,28,1
9,29,1
9,30,1
9,31,1
9,32,1
9,33,1
9,34,1
9,35,1
9,36,1
9,37,0
9,38,1
9,39,1
9,40,1
